ID,protocol id,index
4575,Income,1027
4576,Income,1029
4577,Income,1043
4578,Income,1041
4579,Income,1062
4580,Income,1069
4581,Income,1078
4582,Income,1061
4583,Income,1068
4584,Income,1079
4585,Income,1109
4586,Income,1104
4587,Income,1144
4588,Income,1156
4589,Income,1202
4590,Income,1065
4591,Income,1053
4592,Income,1072
4593,Income,1033
4594,Income,1075
4595,Income,1108
4596,Income,1202
4597,Income,1096
4598,Income,1111
4599,Income,1158
4600,Income,1262
4601,Income,1162
4602,Income,1286
4603,Income,1266
4604,Income,1446
4605,Income,1029
4606,Income,1034
4607,Income,1066
4608,Income,1083
4609,Income,1100
4610,Income,1084
4611,Income,1091
4612,Income,1085
4613,Income,1079
4614,Income,1080
4615,Income,1112
4616,Income,1120
4617,Income,1156
4618,Income,1157
4619,Income,1186
4620,Income,996
4621,Income,997
4622,Income,1003
4623,Income,1006
4624,Income,1025
4625,Income,1030
4626,Income,1015
4627,Income,1013
4628,Income,1021
4629,Income,1026
4630,Income,1041
4631,Income,1055
4632,Income,1082
4633,Income,1102
4634,Income,1124
4635,Income,1024
4636,Income,1028
4637,Income,1045
4638,Income,1028
4639,Income,1048
4640,Income,1047
4641,Income,1045
4642,Income,1039
4643,Income,1042
4644,Income,1036
4645,Income,1042
4646,Income,1042
4647,Income,1065
4648,Income,1075
4649,Income,1091
4650,Income,1112
4651,Income,1128
4652,Income,1136
4653,Income,1144
4654,Income,1155
4655,Income,1171
4656,Income,1181
4657,Income,1187
4658,Income,1198
4659,Income,1220
4660,Income,1233
4661,Income,1247
4662,Income,1261
4663,Income,1294
4664,Income,1318
4665,Income,1302
4666,Income,1306
4667,Income,1310
4668,Income,1303
4669,Income,1385
4670,Income,1389
4671,Income,1391
4672,Income,1396
4673,Income,1424
4674,Income,1424
4675,Income,1428
4676,Income,1423
4677,Income,1469
4678,Income,1479
4679,Income,1494
4680,Income,1032
4681,Income,1038
4682,Income,1044
4683,Income,1033
4684,Income,1044
4685,Income,1057
4686,Income,1057
4687,Income,1058
4688,Income,1066
4689,Income,1070
4690,Income,1077
4691,Income,1069
4692,Income,1086
4693,Income,1105
4694,Income,1132
4695,Income,1626
4696,Income,1627
4697,Income,1627
4698,Income,1627
4699,Income,1809
4700,Income,1799
4701,Income,1803
4702,Income,1812
4703,Income,1863
4704,Income,1859
4705,Income,1860
4706,Income,1858
4707,Income,1936
4708,Income,1938
4709,Income,1939
4710,Income,1011
4711,Income,1019
4712,Income,1010
4713,Income,1019
4714,Income,1019
4715,Income,982
4716,Income,991
4717,Income,1007
4718,Income,996
4719,Income,1024
4720,Income,1029
4721,Income,1032
4722,Income,1026
4723,Income,1029
4724,Income,1044
4725,Income,998
4726,Income,1007
4727,Income,998
4728,Income,1009
4729,Income,1011
4730,Income,994
4731,Income,1003
4732,Income,1018
4733,Income,1005
4734,Income,1034
4735,Income,1039
4736,Income,1042
4737,Income,1036
4738,Income,1038
4739,Income,1052
4740,Income,1062
4741,Income,1068
4742,Income,1059
4743,Income,1058
4744,Income,1048
4745,Income,931
4746,Income,946
4747,Income,973
4748,Income,976
4749,Income,1001
4750,Income,1000
4751,Income,1004
4752,Income,998
4753,Income,1006
4754,Income,1031
4755,Income,1121
4756,Income,1130
4757,Income,1145
4758,Income,1151
4759,Income,1164
4760,Income,1171
4761,Income,1181
4762,Income,1182
4763,Income,1190
4764,Income,1198
4765,Income,1220
4766,Income,1227
4767,Income,1239
4768,Income,1255
4769,Income,1277
4770,Income,1115
4771,Income,1127
4772,Income,1137
4773,Income,1148
4774,Income,1164
4775,Income,1174
4776,Income,1180
4777,Income,1188
4778,Income,1201
4779,Income,1214
4780,Income,1225
4781,Income,1241
4782,Income,1256
4783,Income,1274
4784,Income,1289
4785,Income,1115
4786,Income,1127
4787,Income,1137
4788,Income,1148
4789,Income,1164
4790,Income,1174
4791,Income,1180
4792,Income,1188
4793,Income,1201
4794,Income,1214
4795,Income,1225
4796,Income,1241
4797,Income,1256
4798,Income,1274
4799,Income,1289
4800,Income,1134
4801,Income,1143
4802,Income,1154
4803,Income,1160
4804,Income,1169
4805,Income,1182
4806,Income,1189
4807,Income,1195
4808,Income,1201
4809,Income,1217
4810,Income,1232
4811,Income,1261
4812,Income,1278
4813,Income,1303
4814,Income,1327
4815,Income,1225
4816,Income,1225
4817,Income,1286
4818,Income,1287
4819,Income,1287
4820,Income,1287
4821,Income,1325
4822,Income,1325
4823,Income,1325
4824,Income,1325
4825,Income,1419
4826,Income,1419
4827,Income,1419
4828,Income,1420
4829,Income,1520
4830,Income,1241
4831,Income,1241
4832,Income,1303
4833,Income,1303
4834,Income,1303
4835,Income,1303
4836,Income,1342
4837,Income,1342
4838,Income,1342
4839,Income,1342
4840,Income,1440
4841,Income,1440
4842,Income,1440
4843,Income,1440
4844,Income,1544
4845,Income,1077
4846,Income,1083
4847,Income,1081
4848,Income,1081
4849,Income,1095
4850,Income,1098
4851,Income,1099
4852,Income,1086
4853,Income,1090
4854,Income,1093
4855,Income,1091
4856,Income,1080
4857,Income,1094
4858,Income,1114
4859,Income,1099
4860,Income,1075
4861,Income,1080
4862,Income,1077
4863,Income,1076
4864,Income,1091
4865,Income,1094
4866,Income,1094
4867,Income,1081
4868,Income,1084
4869,Income,1087
4870,Income,1085
4871,Income,1073
4872,Income,1087
4873,Income,1106
4874,Income,1088
4875,Income,982
4876,Income,1001
4877,Income,1002
4878,Income,997
4879,Income,986
4880,Income,984
4881,Income,1003
4882,Income,1015
4883,Income,1002
4884,Income,1013
4885,Income,1031
4886,Income,1049
4887,Income,1060
4888,Income,1088
4889,Income,1109
4890,Income,1002
4891,Income,1030
4892,Income,1031
4893,Income,1027
4894,Income,1004
4895,Income,1006
4896,Income,1010
4897,Income,1067
4898,Income,1028
4899,Income,1042
4900,Income,1058
4901,Income,1135
4902,Income,1121
4903,Income,1139
4904,Income,1163
4905,Income,966
4906,Income,1010
4907,Income,1054
4908,Income,1020
4909,Income,1020
4910,Income,1022
4911,Income,1052
4912,Income,1076
4913,Income,1001
4914,Income,1043
4915,Income,1106
4916,Income,1070
4917,Income,1066
4918,Income,1134
4919,Income,1098
4920,Income,990
4921,Income,1007
4922,Income,1004
4923,Income,994
4924,Income,965
4925,Income,952
4926,Income,1010
4927,Income,1005
4928,Income,1008
4929,Income,1004
4930,Income,1034
4931,Income,1014
4932,Income,1038
4933,Income,1066
4934,Income,1075
4935,Income,968
4936,Income,979
4937,Income,981
4938,Income,979
4939,Income,991
4940,Income,994
4941,Income,1041
4942,Income,1043
4943,Income,1024
4944,Income,1028
4945,Income,1028
4946,Income,1000
4947,Income,997
4948,Income,1073
4949,Income,1116
4950,Income,980
4951,Income,979
4952,Income,975
4953,Income,975
4954,Income,969
4955,Income,967
4956,Income,974
4957,Income,974
4958,Income,978
4959,Income,980
4960,Income,982
4961,Income,1009
4962,Income,1022
4963,Income,1052
4964,Income,1078
4965,Income,967
4966,Income,985
4967,Income,976
4968,Income,985
4969,Income,989
4970,Income,999
4971,Income,993
4972,Income,984
4973,Income,992
4974,Income,1008
4975,Income,1013
4976,Income,1036
4977,Income,1061
4978,Income,1078
4979,Income,1119
4980,Income,1026
4981,Income,1031
4982,Income,1033
4983,Income,1040
4984,Income,1043
4985,Income,1050
4986,Income,1053
4987,Income,1055
4988,Income,1062
4989,Income,1067
4990,Income,1070
4991,Income,1075
4992,Income,1087
4993,Income,1098
4994,Income,1112
4995,Income,990
4996,Income,1001
4997,Income,993
4998,Income,1000
4999,Income,1005
5000,Income,1012
5001,Income,1004
5002,Income,999
5003,Income,1003
5004,Income,996
5005,Income,990
5006,Income,984
5007,Income,1003
5008,Income,1004
5009,Income,1020
5010,Income,1046
5011,Income,1048
5012,Income,1056
5013,Income,1063
5014,Income,1064
5015,Income,1071
5016,Income,1084
5017,Income,1092
5018,Income,1101
5019,Income,1115
5020,Income,1126
5021,Income,1138
5022,Income,1146
5023,Income,1164
5024,Income,1177
5025,Income,1157
5026,Income,1160
5027,Income,1187
5028,Income,1199
5029,Income,1199
5030,Income,1199
5031,Income,1221
5032,Income,1233
5033,Income,1234
5034,Income,1236
5035,Income,1264
5036,Income,1283
5037,Income,1283
5038,Income,1349
5039,Income,1370
5040,Income,897
5041,Income,912
5042,Income,919
5043,Income,936
5044,Income,923
5045,Income,860
5046,Income,871
5047,Income,887
5048,Income,925
5049,Income,954
5050,Income,994
5051,Income,1037
5052,Income,1083
5053,Income,1116
5054,Income,1120
5055,Income,992
5056,Income,964
5057,Income,965
5058,Income,958
5059,Income,971
5060,Income,960
5061,Income,966
5062,Income,1003
5063,Income,1038
5064,Income,1063
5065,Income,1058
5066,Income,1080
5067,Income,1109
5068,Income,1111
5069,Income,1106
5070,Income,883
5071,Income,922
5072,Income,926
5073,Income,937
5074,Income,923
5075,Income,844
5076,Income,854
5077,Income,857
5078,Income,900
5079,Income,938
5080,Income,984
5081,Income,1039
5082,Income,1107
5083,Income,1166
5084,Income,1135
5085,Income,950
5086,Income,1007
5087,Income,1000
5088,Income,1016
5089,Income,990
5090,Income,872
5091,Income,887
5092,Income,891
5093,Income,957
5094,Income,1016
5095,Income,1082
5096,Income,1166
5097,Income,1267
5098,Income,1346
5099,Income,1283
5100,Income,921
5101,Income,892
5102,Income,915
5103,Income,980
5104,Income,941
5105,Income,885
5106,Income,908
5107,Income,963
5108,Income,984
5109,Income,971
5110,Income,1104
5111,Income,1134
5112,Income,1045
5113,Income,959
5114,Income,1129
5115,Income,966
5116,Income,966
5117,Income,955
5118,Income,942
5119,Income,936
5120,Income,934
5121,Income,928
5122,Income,924
5123,Income,918
5124,Income,903
5125,Income,898
5126,Income,916
5127,Income,917
5128,Income,913
5129,Income,927
5130,Income,1230
5131,Income,1234
5132,Income,1247
5133,Income,1245
5134,Income,1246
5135,Income,1248
5136,Income,1253
5137,Income,1253
5138,Income,1256
5139,Income,1251
5140,Income,1270
5141,Income,1274
5142,Income,1295
5143,Income,1339
5144,Income,1406
5145,Income,420
5146,Income,390
5147,Income,380
5148,Income,380
5149,Income,398
5150,Income,424
5151,Income,361
5152,Income,390
5153,Income,358
5154,Income,316
5155,Income,307
5156,Income,358
5157,Income,343
5158,Income,369
5159,Income,304
5160,Income,987
5161,Income,989
5162,Income,978
5163,Income,964
5164,Income,956
5165,Income,953
5166,Income,954
5167,Income,945
5168,Income,943
5169,Income,931
5170,Income,927
5171,Income,940
5172,Income,943
5173,Income,934
5174,Income,956
5175,Income,1029
5176,Income,1031
5177,Income,1042
5178,Income,1054
5179,Income,1053
5180,Income,1044
5181,Income,1049
5182,Income,1081
5183,Income,1070
5184,Income,1072
5185,Income,1091
5186,Income,1107
5187,Income,1101
5188,Income,1111
5189,Income,1132
5190,Income,590
5191,Income,541
5192,Income,545
5193,Income,544
5194,Income,498
5195,Income,476
5196,Income,498
5197,Income,514
5198,Income,476
5199,Income,416
5200,Income,436
5201,Income,460
5202,Income,421
5203,Income,373
5204,Income,401
5205,Income,1018
5206,Income,1053
5207,Income,1038
5208,Income,1028
5209,Income,1039
5210,Income,1036
5211,Income,1042
5212,Income,1042
5213,Income,1046
5214,Income,1060
5215,Income,1089
5216,Income,1120
5217,Income,1137
5218,Income,1193
5219,Income,1232
5220,Income,1053
5221,Income,1063
5222,Income,1064
5223,Income,1073
5224,Income,1076
5225,Income,1088
5226,Income,1079
5227,Income,1098
5228,Income,1110
5229,Income,1143
5230,Income,1178
5231,Income,1193
5232,Income,1200
5233,Income,1228
5234,Income,1260
5235,Income,1010
5236,Income,1023
5237,Income,1034
5238,Income,1029
5239,Income,1031
5240,Income,1018
5241,Income,1031
5242,Income,1041
5243,Income,1038
5244,Income,1037
5245,Income,1042
5246,Income,1051
5247,Income,1051
5248,Income,1063
5249,Income,1045
5250,Income,1244
5251,Income,1258
5252,Income,1281
5253,Income,1311
5254,Income,1309
5255,Income,1327
5256,Income,1319
5257,Income,1363
5258,Income,1333
5259,Income,1369
5260,Income,1362
5261,Income,1387
5262,Income,1372
5263,Income,1418
5264,Income,1435
5265,Income,1236
5266,Income,1232
5267,Income,1259
5268,Income,1324
5269,Income,1383
5270,Income,1297
5271,Income,1269
5272,Income,1506
5273,Income,1488
5274,Income,1504
5275,Income,1577
5276,Income,1568
5277,Income,1603
5278,Income,1608
5279,Income,1772
5280,Income,991
5281,Income,991
5282,Income,994
5283,Income,994
5284,Income,973
5285,Income,973
5286,Income,980
5287,Income,982
5288,Income,999
5289,Income,999
5290,Income,1002
5291,Income,1002
5292,Income,1016
5293,Income,1016
5294,Income,1024
5295,Income,1088
5296,Income,1088
5297,Income,1114
5298,Income,1114
5299,Income,1114
5300,Income,1114
5301,Income,1146
5302,Income,1152
5303,Income,1152
5304,Income,1152
5305,Income,1172
5306,Income,1172
5307,Income,1172
5308,Income,1172
5309,Income,1219
5310,Income,1149
5311,Income,1149
5312,Income,1149
5313,Income,1149
5314,Income,1026
5315,Income,1026
5316,Income,1026
5317,Income,1026
5318,Income,1082
5319,Income,1082
5320,Income,1082
5321,Income,1082
5322,Income,1115
5323,Income,1115
5324,Income,1115
5325,Income,916
5326,Income,916
5327,Income,916
5328,Income,916
5329,Income,923
5330,Income,923
5331,Income,923
5332,Income,923
5333,Income,936
5334,Income,936
5335,Income,936
5336,Income,936
5337,Income,948
5338,Income,948
5339,Income,948
5340,Income,1170
5341,Income,1170
5342,Income,1170
5343,Income,1170
5344,Income,1143
5345,Income,1143
5346,Income,1143
5347,Income,1143
5348,Income,1116
5349,Income,1116
5350,Income,1116
5351,Income,1116
5352,Income,1127
5353,Income,1127
5354,Income,1127
5355,Income,1132
5356,Income,1146
5357,Income,1155
5358,Income,1164
5359,Income,1170
5360,Income,1176
5361,Income,1176
5362,Income,1181
5363,Income,1197
5364,Income,1215
5365,Income,1231
5366,Income,1242
5367,Income,1256
5368,Income,1265
5369,Income,1277
5370,Income,979
5371,Income,981
5372,Income,981
5373,Income,992
5374,Income,999
5375,Income,1003
5376,Income,985
5377,Income,987
5378,Income,990
5379,Income,998
5380,Income,1015
5381,Income,1034
5382,Income,1055
5383,Income,1074
5384,Income,1086
5385,Income,1064
5386,Income,1049
5387,Income,1059
5388,Income,1092
5389,Income,1083
5390,Income,1066
5391,Income,1099
5392,Income,1100
5393,Income,1086
5394,Income,1085
5395,Income,1088
5396,Income,1090
5397,Income,1095
5398,Income,1088
5399,Income,1119
5400,Income,1222
5401,Income,1246
5402,Income,1263
5403,Income,1272
5404,Income,1277
5405,Income,1284
5406,Income,1285
5407,Income,1287
5408,Income,1295
5409,Income,1308
5410,Income,1323
5411,Income,1334
5412,Income,1342
5413,Income,1347
5414,Income,1353
5415,Income,813
5416,Income,810
5417,Income,774
5418,Income,764
5419,Income,764
5420,Income,764
5421,Income,764
5422,Income,765
5423,Income,763
5424,Income,761
5425,Income,756
5426,Income,718
5427,Income,718
5428,Income,698
5429,Income,732
5430,Income,1190
5431,Income,1190
5432,Income,1204
5433,Income,1208
5434,Income,1216
5435,Income,1230
5436,Income,1241
5437,Income,1253
5438,Income,1303
5439,Income,1344
5440,Income,1366
5441,Income,1383
5442,Income,1419
5443,Income,1444
5444,Income,1460
5445,Income,1114
5446,Income,1103
5447,Income,1076
5448,Income,1051
5449,Income,1046
5450,Income,1023
5451,Income,962
5452,Income,929
5453,Income,936
5454,Income,948
5455,Income,946
5456,Income,1003
5457,Income,1125
5458,Income,1239
5459,Income,1309
5460,Income,1114
5461,Income,1103
5462,Income,1076
5463,Income,1051
5464,Income,1046
5465,Income,1023
5466,Income,962
5467,Income,929
5468,Income,936
5469,Income,948
5470,Income,946
5471,Income,1003
5472,Income,1125
5473,Income,1239
5474,Income,1309
5475,Income,1062
5476,Income,1069
5477,Income,1078
5478,Income,1082
5479,Income,1091
5480,Income,1086
5481,Income,1091
5482,Income,1092
5483,Income,1102
5484,Income,1113
5485,Income,1134
5486,Income,1146
5487,Income,1171
5488,Income,1189
5489,Income,1213
5490,Income,1030
5491,Income,1032
5492,Income,1047
5493,Income,1042
5494,Income,1065
5495,Income,1074
5496,Income,1085
5497,Income,1066
5498,Income,1072
5499,Income,1087
5500,Income,1118
5501,Income,1112
5502,Income,1148
5503,Income,1162
5504,Income,1211
5505,Income,1044
5506,Income,1033
5507,Income,1049
5508,Income,999
5509,Income,1050
5510,Income,1089
5511,Income,1209
5512,Income,1077
5513,Income,1080
5514,Income,1149
5515,Income,1274
5516,Income,1154
5517,Income,1264
5518,Income,1247
5519,Income,1445
5520,Income,1015
5521,Income,1019
5522,Income,1054
5523,Income,1067
5524,Income,1086
5525,Income,1067
5526,Income,1069
5527,Income,1067
5528,Income,1059
5529,Income,1058
5530,Income,1085
5531,Income,1098
5532,Income,1133
5533,Income,1137
5534,Income,1170
5535,Income,998
5536,Income,999
5537,Income,1005
5538,Income,1007
5539,Income,1028
5540,Income,1034
5541,Income,1018
5542,Income,1016
5543,Income,1025
5544,Income,1030
5545,Income,1046
5546,Income,1060
5547,Income,1086
5548,Income,1107
5549,Income,1131
5550,Income,1025
5551,Income,1032
5552,Income,1050
5553,Income,1034
5554,Income,1052
5555,Income,1057
5556,Income,1055
5557,Income,1050
5558,Income,1053
5559,Income,1049
5560,Income,1057
5561,Income,1054
5562,Income,1077
5563,Income,1086
5564,Income,1105
5565,Income,1114
5566,Income,1130
5567,Income,1138
5568,Income,1146
5569,Income,1157
5570,Income,1173
5571,Income,1182
5572,Income,1188
5573,Income,1198
5574,Income,1221
5575,Income,1234
5576,Income,1247
5577,Income,1262
5578,Income,1294
5579,Income,1318
5580,Income,1295
5581,Income,1298
5582,Income,1302
5583,Income,1295
5584,Income,1377
5585,Income,1383
5586,Income,1386
5587,Income,1391
5588,Income,1415
5589,Income,1416
5590,Income,1421
5591,Income,1416
5592,Income,1456
5593,Income,1470
5594,Income,1489
5595,Income,1030
5596,Income,1035
5597,Income,1041
5598,Income,1029
5599,Income,1040
5600,Income,1055
5601,Income,1057
5602,Income,1060
5603,Income,1068
5604,Income,1072
5605,Income,1079
5606,Income,1072
5607,Income,1088
5608,Income,1108
5609,Income,1136
5610,Income,1631
5611,Income,1632
5612,Income,1632
5613,Income,1632
5614,Income,1809
5615,Income,1802
5616,Income,1806
5617,Income,1816
5618,Income,1864
5619,Income,1860
5620,Income,1861
5621,Income,1859
5622,Income,1937
5623,Income,1939
5624,Income,1939
5625,Income,1015
5626,Income,1026
5627,Income,1015
5628,Income,1020
5629,Income,1018
5630,Income,988
5631,Income,1000
5632,Income,1016
5633,Income,1004
5634,Income,1032
5635,Income,1031
5636,Income,1038
5637,Income,1027
5638,Income,1040
5639,Income,1057
5640,Income,1012
5641,Income,1023
5642,Income,1013
5643,Income,1018
5644,Income,1018
5645,Income,999
5646,Income,1004
5647,Income,1022
5648,Income,1007
5649,Income,1033
5650,Income,1032
5651,Income,1038
5652,Income,1029
5653,Income,1040
5654,Income,1056
5655,Income,1033
5656,Income,1042
5657,Income,1029
5658,Income,1032
5659,Income,1016
5660,Income,923
5661,Income,970
5662,Income,980
5663,Income,987
5664,Income,1023
5665,Income,1024
5666,Income,1039
5667,Income,1016
5668,Income,1044
5669,Income,1061
5670,Income,1122
5671,Income,1131
5672,Income,1146
5673,Income,1152
5674,Income,1165
5675,Income,1172
5676,Income,1182
5677,Income,1184
5678,Income,1193
5679,Income,1203
5680,Income,1224
5681,Income,1233
5682,Income,1246
5683,Income,1262
5684,Income,1284
5685,Income,1110
5686,Income,1122
5687,Income,1131
5688,Income,1142
5689,Income,1157
5690,Income,1166
5691,Income,1173
5692,Income,1182
5693,Income,1196
5694,Income,1210
5695,Income,1221
5696,Income,1238
5697,Income,1253
5698,Income,1271
5699,Income,1287
5700,Income,1110
5701,Income,1122
5702,Income,1131
5703,Income,1142
5704,Income,1157
5705,Income,1166
5706,Income,1173
5707,Income,1182
5708,Income,1196
5709,Income,1210
5710,Income,1221
5711,Income,1238
5712,Income,1253
5713,Income,1271
5714,Income,1287
5715,Income,1144
5716,Income,1153
5717,Income,1165
5718,Income,1173
5719,Income,1184
5720,Income,1197
5721,Income,1202
5722,Income,1206
5723,Income,1213
5724,Income,1230
5725,Income,1246
5726,Income,1277
5727,Income,1300
5728,Income,1327
5729,Income,1350
5730,Income,1218
5731,Income,1218
5732,Income,1279
5733,Income,1279
5734,Income,1280
5735,Income,1280
5736,Income,1318
5737,Income,1318
5738,Income,1318
5739,Income,1318
5740,Income,1411
5741,Income,1412
5742,Income,1412
5743,Income,1412
5744,Income,1513
5745,Income,1239
5746,Income,1239
5747,Income,1300
5748,Income,1300
5749,Income,1300
5750,Income,1300
5751,Income,1339
5752,Income,1339
5753,Income,1339
5754,Income,1339
5755,Income,1436
5756,Income,1436
5757,Income,1436
5758,Income,1436
5759,Income,1541
5760,Income,1079
5761,Income,1085
5762,Income,1083
5763,Income,1084
5764,Income,1097
5765,Income,1102
5766,Income,1102
5767,Income,1089
5768,Income,1093
5769,Income,1095
5770,Income,1092
5771,Income,1082
5772,Income,1095
5773,Income,1114
5774,Income,1099
5775,Income,1075
5776,Income,1080
5777,Income,1078
5778,Income,1076
5779,Income,1090
5780,Income,1094
5781,Income,1095
5782,Income,1081
5783,Income,1085
5784,Income,1086
5785,Income,1083
5786,Income,1071
5787,Income,1084
5788,Income,1103
5789,Income,1086
5790,Income,993
5791,Income,1031
5792,Income,1030
5793,Income,1022
5794,Income,1010
5795,Income,1008
5796,Income,1039
5797,Income,1053
5798,Income,1038
5799,Income,1053
5800,Income,1076
5801,Income,1107
5802,Income,1107
5803,Income,1132
5804,Income,1152
5805,Income,1003
5806,Income,1076
5807,Income,1081
5808,Income,1063
5809,Income,1023
5810,Income,1030
5811,Income,1063
5812,Income,1122
5813,Income,1075
5814,Income,1107
5815,Income,1131
5816,Income,1222
5817,Income,1186
5818,Income,1202
5819,Income,1221
5820,Income,969
5821,Income,1032
5822,Income,1036
5823,Income,1020
5824,Income,1035
5825,Income,998
5826,Income,1074
5827,Income,1060
5828,Income,1029
5829,Income,1062
5830,Income,1077
5831,Income,1057
5832,Income,1047
5833,Income,1103
5834,Income,1078
5835,Income,1018
5836,Income,1058
5837,Income,1059
5838,Income,1049
5839,Income,1025
5840,Income,1003
5841,Income,1067
5842,Income,1067
5843,Income,1076
5844,Income,1058
5845,Income,1096
5846,Income,1082
5847,Income,1104
5848,Income,1126
5849,Income,1136
5850,Income,946
5851,Income,989
5852,Income,988
5853,Income,976
5854,Income,986
5855,Income,998
5856,Income,1020
5857,Income,1011
5858,Income,1000
5859,Income,978
5860,Income,1028
5861,Income,1017
5862,Income,1010
5863,Income,1034
5864,Income,1040
5865,Income,970
5866,Income,967
5867,Income,968
5868,Income,966
5869,Income,957
5870,Income,957
5871,Income,974
5872,Income,978
5873,Income,978
5874,Income,983
5875,Income,989
5876,Income,1025
5877,Income,1042
5878,Income,1087
5879,Income,1110
5880,Income,971
5881,Income,990
5882,Income,980
5883,Income,983
5884,Income,993
5885,Income,1003
5886,Income,997
5887,Income,984
5888,Income,992
5889,Income,1022
5890,Income,1028
5891,Income,1051
5892,Income,1080
5893,Income,1101
5894,Income,1153
5895,Income,1034
5896,Income,1042
5897,Income,1044
5898,Income,1051
5899,Income,1054
5900,Income,1061
5901,Income,1068
5902,Income,1071
5903,Income,1078
5904,Income,1085
5905,Income,1089
5906,Income,1096
5907,Income,1105
5908,Income,1120
5909,Income,1135
5910,Income,977
5911,Income,993
5912,Income,986
5913,Income,991
5914,Income,996
5915,Income,1007
5916,Income,997
5917,Income,994
5918,Income,1000
5919,Income,994
5920,Income,989
5921,Income,984
5922,Income,1001
5923,Income,1006
5924,Income,1022
5925,Income,1059
5926,Income,1061
5927,Income,1069
5928,Income,1076
5929,Income,1077
5930,Income,1083
5931,Income,1097
5932,Income,1103
5933,Income,1111
5934,Income,1124
5935,Income,1131
5936,Income,1142
5937,Income,1148
5938,Income,1165
5939,Income,1180
5940,Income,1149
5941,Income,1152
5942,Income,1169
5943,Income,1179
5944,Income,1179
5945,Income,1179
5946,Income,1201
5947,Income,1213
5948,Income,1215
5949,Income,1217
5950,Income,1245
5951,Income,1265
5952,Income,1265
5953,Income,1336
5954,Income,1354
5955,Income,913
5956,Income,926
5957,Income,931
5958,Income,948
5959,Income,936
5960,Income,874
5961,Income,887
5962,Income,910
5963,Income,949
5964,Income,976
5965,Income,1018
5966,Income,1063
5967,Income,1112
5968,Income,1143
5969,Income,1141
5970,Income,978
5971,Income,947
5972,Income,951
5973,Income,944
5974,Income,959
5975,Income,944
5976,Income,947
5977,Income,979
5978,Income,1008
5979,Income,1030
5980,Income,1027
5981,Income,1048
5982,Income,1076
5983,Income,1076
5984,Income,1072
5985,Income,906
5986,Income,947
5987,Income,948
5988,Income,959
5989,Income,944
5990,Income,861
5991,Income,871
5992,Income,874
5993,Income,919
5994,Income,959
5995,Income,1008
5996,Income,1064
5997,Income,1135
5998,Income,1193
5999,Income,1158
6000,Income,954
6001,Income,1010
6002,Income,1002
6003,Income,1018
6004,Income,993
6005,Income,874
6006,Income,888
6007,Income,892
6008,Income,957
6009,Income,1016
6010,Income,1083
6011,Income,1167
6012,Income,1270
6013,Income,1349
6014,Income,1286
6015,Income,938
6016,Income,902
6017,Income,925
6018,Income,1007
6019,Income,960
6020,Income,910
6021,Income,959
6022,Income,1100
6023,Income,1127
6024,Income,1083
6025,Income,1251
6026,Income,1283
6027,Income,1178
6028,Income,1036
6029,Income,1196
6030,Income,908
6031,Income,901
6032,Income,892
6033,Income,879
6034,Income,879
6035,Income,882
6036,Income,881
6037,Income,873
6038,Income,868
6039,Income,856
6040,Income,850
6041,Income,865
6042,Income,868
6043,Income,861
6044,Income,881
6045,Income,1232
6046,Income,1236
6047,Income,1247
6048,Income,1245
6049,Income,1247
6050,Income,1248
6051,Income,1252
6052,Income,1251
6053,Income,1253
6054,Income,1246
6055,Income,1268
6056,Income,1271
6057,Income,1287
6058,Income,1325
6059,Income,1404
6060,Income,451
6061,Income,402
6062,Income,390
6063,Income,386
6064,Income,417
6065,Income,452
6066,Income,385
6067,Income,416
6068,Income,381
6069,Income,336
6070,Income,327
6071,Income,381
6072,Income,366
6073,Income,393
6074,Income,324
6075,Income,943
6076,Income,945
6077,Income,936
6078,Income,922
6079,Income,914
6080,Income,911
6081,Income,911
6082,Income,902
6083,Income,898
6084,Income,886
6085,Income,880
6086,Income,894
6087,Income,897
6088,Income,887
6089,Income,910
6090,Income,1010
6091,Income,1008
6092,Income,1014
6093,Income,1026
6094,Income,1028
6095,Income,1018
6096,Income,1019
6097,Income,1047
6098,Income,1036
6099,Income,1036
6100,Income,1056
6101,Income,1076
6102,Income,1069
6103,Income,1077
6104,Income,1090
6105,Income,575
6106,Income,532
6107,Income,540
6108,Income,537
6109,Income,513
6110,Income,501
6111,Income,515
6112,Income,543
6113,Income,503
6114,Income,447
6115,Income,460
6116,Income,491
6117,Income,453
6118,Income,398
6119,Income,419
6120,Income,1085
6121,Income,1096
6122,Income,1109
6123,Income,1107
6124,Income,1120
6125,Income,1131
6126,Income,1142
6127,Income,1144
6128,Income,1170
6129,Income,1198
6130,Income,1237
6131,Income,1305
6132,Income,1321
6133,Income,1390
6134,Income,1390
6135,Income,1022
6136,Income,1033
6137,Income,1031
6138,Income,1037
6139,Income,1037
6140,Income,1048
6141,Income,1035
6142,Income,1056
6143,Income,1060
6144,Income,1096
6145,Income,1139
6146,Income,1157
6147,Income,1155
6148,Income,1180
6149,Income,1202
6150,Income,1028
6151,Income,1040
6152,Income,1050
6153,Income,1048
6154,Income,1052
6155,Income,1034
6156,Income,1043
6157,Income,1055
6158,Income,1055
6159,Income,1042
6160,Income,1047
6161,Income,1055
6162,Income,1057
6163,Income,1068
6164,Income,1052
6165,Income,1205
6166,Income,1222
6167,Income,1227
6168,Income,1262
6169,Income,1256
6170,Income,1284
6171,Income,1281
6172,Income,1325
6173,Income,1276
6174,Income,1303
6175,Income,1300
6176,Income,1338
6177,Income,1318
6178,Income,1361
6179,Income,1367
6180,Income,1241
6181,Income,1207
6182,Income,1226
6183,Income,1289
6184,Income,1338
6185,Income,1244
6186,Income,1235
6187,Income,1361
6188,Income,1360
6189,Income,1358
6190,Income,1394
6191,Income,1415
6192,Income,1452
6193,Income,1448
6194,Income,1537
6195,Income,1003
6196,Income,1003
6197,Income,1008
6198,Income,1008
6199,Income,986
6200,Income,986
6201,Income,997
6202,Income,999
6203,Income,1018
6204,Income,1018
6205,Income,1023
6206,Income,1023
6207,Income,1037
6208,Income,1037
6209,Income,1049
6210,Income,1086
6211,Income,1086
6212,Income,1114
6213,Income,1114
6214,Income,1114
6215,Income,1114
6216,Income,1157
6217,Income,1162
6218,Income,1162
6219,Income,1162
6220,Income,1182
6221,Income,1182
6222,Income,1182
6223,Income,1182
6224,Income,1227
6225,Income,1142
6226,Income,1142
6227,Income,1142
6228,Income,1142
6229,Income,1039
6230,Income,1039
6231,Income,1039
6232,Income,1039
6233,Income,1089
6234,Income,1089
6235,Income,1089
6236,Income,1089
6237,Income,1118
6238,Income,1118
6239,Income,1118
6240,Income,912
6241,Income,912
6242,Income,912
6243,Income,912
6244,Income,919
6245,Income,919
6246,Income,919
6247,Income,919
6248,Income,936
6249,Income,936
6250,Income,936
6251,Income,936
6252,Income,949
6253,Income,949
6254,Income,949
6255,Income,1163
6256,Income,1163
6257,Income,1163
6258,Income,1163
6259,Income,1129
6260,Income,1129
6261,Income,1129
6262,Income,1129
6263,Income,1090
6264,Income,1090
6265,Income,1090
6266,Income,1090
6267,Income,1099
6268,Income,1099
6269,Income,1099
6270,Income,1126
6271,Income,1141
6272,Income,1150
6273,Income,1159
6274,Income,1165
6275,Income,1171
6276,Income,1171
6277,Income,1176
6278,Income,1193
6279,Income,1210
6280,Income,1226
6281,Income,1238
6282,Income,1252
6283,Income,1263
6284,Income,1276
6285,Income,990
6286,Income,993
6287,Income,992
6288,Income,1002
6289,Income,1009
6290,Income,1013
6291,Income,991
6292,Income,995
6293,Income,998
6294,Income,1007
6295,Income,1030
6296,Income,1053
6297,Income,1075
6298,Income,1098
6299,Income,1112
6300,Income,1052
6301,Income,1048
6302,Income,1047
6303,Income,1070
6304,Income,1070
6305,Income,1056
6306,Income,1096
6307,Income,1107
6308,Income,1128
6309,Income,1143
6310,Income,1147
6311,Income,1157
6312,Income,1177
6313,Income,1181
6314,Income,1217
6315,Income,1208
6316,Income,1232
6317,Income,1249
6318,Income,1259
6319,Income,1265
6320,Income,1273
6321,Income,1274
6322,Income,1277
6323,Income,1285
6324,Income,1297
6325,Income,1313
6326,Income,1324
6327,Income,1333
6328,Income,1338
6329,Income,1344
6330,Income,817
6331,Income,814
6332,Income,781
6333,Income,770
6334,Income,770
6335,Income,769
6336,Income,769
6337,Income,770
6338,Income,768
6339,Income,768
6340,Income,764
6341,Income,714
6342,Income,714
6343,Income,679
6344,Income,723
6345,Income,1126
6346,Income,1133
6347,Income,1139
6348,Income,1141
6349,Income,1147
6350,Income,1151
6351,Income,1163
6352,Income,1176
6353,Income,1225
6354,Income,1260
6355,Income,1275
6356,Income,1285
6357,Income,1305
6358,Income,1342
6359,Income,1357
6360,Income,1125
6361,Income,1112
6362,Income,1083
6363,Income,1061
6364,Income,1055
6365,Income,1032
6366,Income,971
6367,Income,937
6368,Income,940
6369,Income,948
6370,Income,945
6371,Income,998
6372,Income,1116
6373,Income,1230
6374,Income,1307
6375,Income,1125
6376,Income,1112
6377,Income,1083
6378,Income,1061
6379,Income,1055
6380,Income,1032
6381,Income,971
6382,Income,937
6383,Income,940
6384,Income,948
6385,Income,945
6386,Income,998
6387,Income,1116
6388,Income,1230
6389,Income,1307
6390,Income,1060
6391,Income,1067
6392,Income,1074
6393,Income,1077
6394,Income,1087
6395,Income,1080
6396,Income,1087
6397,Income,1089
6398,Income,1099
6399,Income,1111
6400,Income,1132
6401,Income,1145
6402,Income,1169
6403,Income,1188
6404,Income,1212
6405,Income,1035
6406,Income,1039
6407,Income,1053
6408,Income,1048
6409,Income,1070
6410,Income,1079
6411,Income,1091
6412,Income,1074
6413,Income,1080
6414,Income,1095
6415,Income,1125
6416,Income,1119
6417,Income,1154
6418,Income,1168
6419,Income,1215
6420,Income,1048
6421,Income,1039
6422,Income,1060
6423,Income,1002
6424,Income,1051
6425,Income,1092
6426,Income,1222
6427,Income,1089
6428,Income,1091
6429,Income,1161
6430,Income,1294
6431,Income,1165
6432,Income,1278
6433,Income,1255
6434,Income,1462
6435,Income,1024
6436,Income,1030
6437,Income,1063
6438,Income,1075
6439,Income,1096
6440,Income,1077
6441,Income,1082
6442,Income,1080
6443,Income,1074
6444,Income,1073
6445,Income,1103
6446,Income,1114
6447,Income,1153
6448,Income,1153
6449,Income,1185
6450,Income,997
6451,Income,999
6452,Income,1006
6453,Income,1007
6454,Income,1028
6455,Income,1032
6456,Income,1016
6457,Income,1015
6458,Income,1024
6459,Income,1029
6460,Income,1043
6461,Income,1057
6462,Income,1082
6463,Income,1104
6464,Income,1127
6465,Income,1028
6466,Income,1035
6467,Income,1053
6468,Income,1038
6469,Income,1056
6470,Income,1060
6471,Income,1061
6472,Income,1053
6473,Income,1058
6474,Income,1055
6475,Income,1064
6476,Income,1061
6477,Income,1084
6478,Income,1096
6479,Income,1117
6480,Income,1112
6481,Income,1128
6482,Income,1136
6483,Income,1144
6484,Income,1154
6485,Income,1171
6486,Income,1179
6487,Income,1185
6488,Income,1195
6489,Income,1218
6490,Income,1230
6491,Income,1243
6492,Income,1257
6493,Income,1289
6494,Income,1312
6495,Income,1245
6496,Income,1250
6497,Income,1253
6498,Income,1247
6499,Income,1323
6500,Income,1326
6501,Income,1328
6502,Income,1332
6503,Income,1353
6504,Income,1354
6505,Income,1359
6506,Income,1353
6507,Income,1393
6508,Income,1404
6509,Income,1421
6510,Income,1027
6511,Income,1034
6512,Income,1039
6513,Income,1029
6514,Income,1039
6515,Income,1051
6516,Income,1050
6517,Income,1051
6518,Income,1058
6519,Income,1062
6520,Income,1069
6521,Income,1061
6522,Income,1079
6523,Income,1096
6524,Income,1122
6525,Income,1626
6526,Income,1628
6527,Income,1628
6528,Income,1628
6529,Income,1812
6530,Income,1802
6531,Income,1807
6532,Income,1818
6533,Income,1864
6534,Income,1859
6535,Income,1860
6536,Income,1857
6537,Income,1936
6538,Income,1938
6539,Income,1938
6540,Income,988
6541,Income,997
6542,Income,989
6543,Income,1000
6544,Income,997
6545,Income,970
6546,Income,976
6547,Income,993
6548,Income,986
6549,Income,1018
6550,Income,1019
6551,Income,1021
6552,Income,1014
6553,Income,1026
6554,Income,1036
6555,Income,987
6556,Income,996
6557,Income,988
6558,Income,1002
6559,Income,1002
6560,Income,982
6561,Income,981
6562,Income,998
6563,Income,989
6564,Income,1012
6565,Income,1012
6566,Income,1014
6567,Income,1008
6568,Income,1016
6569,Income,1025
6570,Income,999
6571,Income,1003
6572,Income,998
6573,Income,991
6574,Income,973
6575,Income,908
6576,Income,941
6577,Income,959
6578,Income,961
6579,Income,1022
6580,Income,1025
6581,Income,1028
6582,Income,1019
6583,Income,1044
6584,Income,1060
6585,Income,1121
6586,Income,1129
6587,Income,1144
6588,Income,1151
6589,Income,1162
6590,Income,1168
6591,Income,1178
6592,Income,1180
6593,Income,1190
6594,Income,1199
6595,Income,1218
6596,Income,1227
6597,Income,1240
6598,Income,1256
6599,Income,1277
6600,Income,1106
6601,Income,1117
6602,Income,1126
6603,Income,1136
6604,Income,1151
6605,Income,1159
6606,Income,1166
6607,Income,1173
6608,Income,1186
6609,Income,1199
6610,Income,1209
6611,Income,1225
6612,Income,1240
6613,Income,1258
6614,Income,1272
6615,Income,1106
6616,Income,1117
6617,Income,1126
6618,Income,1136
6619,Income,1151
6620,Income,1159
6621,Income,1166
6622,Income,1173
6623,Income,1186
6624,Income,1199
6625,Income,1209
6626,Income,1225
6627,Income,1240
6628,Income,1258
6629,Income,1272
6630,Income,1125
6631,Income,1135
6632,Income,1145
6633,Income,1150
6634,Income,1156
6635,Income,1170
6636,Income,1178
6637,Income,1184
6638,Income,1192
6639,Income,1206
6640,Income,1222
6641,Income,1248
6642,Income,1266
6643,Income,1300
6644,Income,1323
6645,Income,1215
6646,Income,1215
6647,Income,1275
6648,Income,1276
6649,Income,1276
6650,Income,1277
6651,Income,1314
6652,Income,1314
6653,Income,1315
6654,Income,1315
6655,Income,1407
6656,Income,1407
6657,Income,1407
6658,Income,1408
6659,Income,1508
6660,Income,1239
6661,Income,1239
6662,Income,1300
6663,Income,1300
6664,Income,1300
6665,Income,1300
6666,Income,1339
6667,Income,1339
6668,Income,1339
6669,Income,1339
6670,Income,1434
6671,Income,1434
6672,Income,1434
6673,Income,1434
6674,Income,1538
6675,Income,1081
6676,Income,1087
6677,Income,1085
6678,Income,1086
6679,Income,1099
6680,Income,1104
6681,Income,1104
6682,Income,1092
6683,Income,1096
6684,Income,1099
6685,Income,1097
6686,Income,1086
6687,Income,1100
6688,Income,1120
6689,Income,1104
6690,Income,1077
6691,Income,1082
6692,Income,1080
6693,Income,1078
6694,Income,1092
6695,Income,1096
6696,Income,1097
6697,Income,1083
6698,Income,1087
6699,Income,1090
6700,Income,1087
6701,Income,1075
6702,Income,1090
6703,Income,1109
6704,Income,1091
6705,Income,990
6706,Income,1019
6707,Income,1020
6708,Income,1017
6709,Income,1010
6710,Income,1005
6711,Income,1031
6712,Income,1048
6713,Income,1034
6714,Income,1045
6715,Income,1062
6716,Income,1095
6717,Income,1099
6718,Income,1122
6719,Income,1142
6720,Income,1013
6721,Income,1051
6722,Income,1055
6723,Income,1050
6724,Income,1028
6725,Income,1026
6726,Income,1038
6727,Income,1112
6728,Income,1057
6729,Income,1075
6730,Income,1097
6731,Income,1200
6732,Income,1157
6733,Income,1176
6734,Income,1205
6735,Income,956
6736,Income,1014
6737,Income,1032
6738,Income,1014
6739,Income,1014
6740,Income,991
6741,Income,1063
6742,Income,1061
6743,Income,1013
6744,Income,1051
6745,Income,1079
6746,Income,1050
6747,Income,1042
6748,Income,1097
6749,Income,1060
6750,Income,992
6751,Income,1027
6752,Income,1017
6753,Income,1023
6754,Income,1004
6755,Income,977
6756,Income,1047
6757,Income,1044
6758,Income,1049
6759,Income,1041
6760,Income,1073
6761,Income,1060
6762,Income,1085
6763,Income,1099
6764,Income,1100
6765,Income,950
6766,Income,981
6767,Income,977
6768,Income,976
6769,Income,979
6770,Income,993
6771,Income,1027
6772,Income,1032
6773,Income,1011
6774,Income,1011
6775,Income,1026
6776,Income,1022
6777,Income,1018
6778,Income,1044
6779,Income,1067
6780,Income,990
6781,Income,987
6782,Income,991
6783,Income,992
6784,Income,982
6785,Income,978
6786,Income,988
6787,Income,990
6788,Income,993
6789,Income,995
6790,Income,1000
6791,Income,1035
6792,Income,1050
6793,Income,1084
6794,Income,1107
6795,Income,982
6796,Income,1003
6797,Income,1000
6798,Income,998
6799,Income,1008
6800,Income,1019
6801,Income,1019
6802,Income,1012
6803,Income,1020
6804,Income,1042
6805,Income,1048
6806,Income,1072
6807,Income,1100
6808,Income,1119
6809,Income,1160
6810,Income,1041
6811,Income,1048
6812,Income,1049
6813,Income,1056
6814,Income,1059
6815,Income,1064
6816,Income,1072
6817,Income,1075
6818,Income,1083
6819,Income,1090
6820,Income,1098
6821,Income,1107
6822,Income,1117
6823,Income,1136
6824,Income,1152
6825,Income,986
6826,Income,999
6827,Income,991
6828,Income,999
6829,Income,1005
6830,Income,1010
6831,Income,999
6832,Income,989
6833,Income,1000
6834,Income,992
6835,Income,984
6836,Income,976
6837,Income,999
6838,Income,999
6839,Income,1019
6840,Income,1069
6841,Income,1072
6842,Income,1079
6843,Income,1085
6844,Income,1087
6845,Income,1092
6846,Income,1106
6847,Income,1114
6848,Income,1123
6849,Income,1139
6850,Income,1150
6851,Income,1165
6852,Income,1172
6853,Income,1189
6854,Income,1202
6855,Income,1148
6856,Income,1151
6857,Income,1166
6858,Income,1175
6859,Income,1175
6860,Income,1175
6861,Income,1196
6862,Income,1207
6863,Income,1209
6864,Income,1211
6865,Income,1238
6866,Income,1257
6867,Income,1257
6868,Income,1323
6869,Income,1344
6870,Income,927
6871,Income,935
6872,Income,941
6873,Income,964
6874,Income,949
6875,Income,894
6876,Income,902
6877,Income,921
6878,Income,962
6879,Income,990
6880,Income,1032
6881,Income,1079
6882,Income,1126
6883,Income,1161
6884,Income,1165
6885,Income,981
6886,Income,956
6887,Income,955
6888,Income,947
6889,Income,960
6890,Income,950
6891,Income,954
6892,Income,989
6893,Income,1021
6894,Income,1043
6895,Income,1041
6896,Income,1064
6897,Income,1096
6898,Income,1095
6899,Income,1088
6900,Income,916
6901,Income,956
6902,Income,958
6903,Income,969
6904,Income,955
6905,Income,872
6906,Income,884
6907,Income,887
6908,Income,933
6909,Income,973
6910,Income,1023
6911,Income,1080
6912,Income,1153
6913,Income,1216
6914,Income,1183
6915,Income,959
6916,Income,1015
6917,Income,1007
6918,Income,1023
6919,Income,998
6920,Income,878
6921,Income,893
6922,Income,897
6923,Income,963
6924,Income,1022
6925,Income,1089
6926,Income,1173
6927,Income,1276
6928,Income,1355
6929,Income,1292
6930,Income,945
6931,Income,901
6932,Income,928
6933,Income,1023
6934,Income,969
6935,Income,936
6936,Income,933
6937,Income,1009
6938,Income,1047
6939,Income,1022
6940,Income,1173
6941,Income,1213
6942,Income,1097
6943,Income,1022
6944,Income,1213
6945,Income,866
6946,Income,859
6947,Income,849
6948,Income,837
6949,Income,836
6950,Income,840
6951,Income,827
6952,Income,826
6953,Income,814
6954,Income,795
6955,Income,787
6956,Income,810
6957,Income,811
6958,Income,808
6959,Income,813
6960,Income,1231
6961,Income,1239
6962,Income,1244
6963,Income,1239
6964,Income,1241
6965,Income,1244
6966,Income,1250
6967,Income,1250
6968,Income,1251
6969,Income,1248
6970,Income,1279
6971,Income,1280
6972,Income,1286
6973,Income,1301
6974,Income,1412
6975,Income,395
6976,Income,354
6977,Income,343
6978,Income,341
6979,Income,366
6980,Income,396
6981,Income,338
6982,Income,365
6983,Income,334
6984,Income,295
6985,Income,287
6986,Income,334
6987,Income,320
6988,Income,344
6989,Income,284
6990,Income,907
6991,Income,908
6992,Income,900
6993,Income,886
6994,Income,878
6995,Income,874
6996,Income,875
6997,Income,867
6998,Income,860
6999,Income,849
7000,Income,842
7001,Income,856
7002,Income,860
7003,Income,849
7004,Income,871
7005,Income,994
7006,Income,988
7007,Income,996
7008,Income,1008
7009,Income,1009
7010,Income,994
7011,Income,996
7012,Income,1023
7013,Income,1012
7014,Income,1020
7015,Income,1047
7016,Income,1069
7017,Income,1059
7018,Income,1067
7019,Income,1083
7020,Income,582
7021,Income,535
7022,Income,546
7023,Income,548
7024,Income,508
7025,Income,483
7026,Income,498
7027,Income,520
7028,Income,483
7029,Income,434
7030,Income,451
7031,Income,473
7032,Income,442
7033,Income,400
7034,Income,423
7035,Income,1071
7036,Income,1083
7037,Income,1083
7038,Income,1081
7039,Income,1086
7040,Income,1088
7041,Income,1095
7042,Income,1101
7043,Income,1096
7044,Income,1104
7045,Income,1132
7046,Income,1150
7047,Income,1160
7048,Income,1188
7049,Income,1218
7050,Income,1026
7051,Income,1032
7052,Income,1024
7053,Income,1034
7054,Income,1043
7055,Income,1052
7056,Income,1034
7057,Income,1044
7058,Income,1047
7059,Income,1094
7060,Income,1151
7061,Income,1178
7062,Income,1164
7063,Income,1187
7064,Income,1208
7065,Income,1040
7066,Income,1045
7067,Income,1056
7068,Income,1058
7069,Income,1061
7070,Income,1043
7071,Income,1060
7072,Income,1075
7073,Income,1077
7074,Income,1071
7075,Income,1079
7076,Income,1086
7077,Income,1087
7078,Income,1098
7079,Income,1081
7080,Income,1157
7081,Income,1193
7082,Income,1209
7083,Income,1226
7084,Income,1222
7085,Income,1247
7086,Income,1241
7087,Income,1277
7088,Income,1205
7089,Income,1256
7090,Income,1246
7091,Income,1290
7092,Income,1248
7093,Income,1311
7094,Income,1304
7095,Income,1239
7096,Income,1201
7097,Income,1220
7098,Income,1287
7099,Income,1332
7100,Income,1239
7101,Income,1240
7102,Income,1372
7103,Income,1371
7104,Income,1373
7105,Income,1408
7106,Income,1438
7107,Income,1475
7108,Income,1467
7109,Income,1552
7110,Income,1050
7111,Income,1050
7112,Income,1058
7113,Income,1058
7114,Income,1047
7115,Income,1047
7116,Income,1061
7117,Income,1064
7118,Income,1080
7119,Income,1080
7120,Income,1089
7121,Income,1089
7122,Income,1102
7123,Income,1102
7124,Income,1122
7125,Income,1069
7126,Income,1069
7127,Income,1093
7128,Income,1093
7129,Income,1093
7130,Income,1093
7131,Income,1125
7132,Income,1130
7133,Income,1130
7134,Income,1130
7135,Income,1151
7136,Income,1151
7137,Income,1151
7138,Income,1151
7139,Income,1198
7140,Income,1183
7141,Income,1183
7142,Income,1183
7143,Income,1183
7144,Income,1129
7145,Income,1129
7146,Income,1129
7147,Income,1129
7148,Income,1183
7149,Income,1183
7150,Income,1183
7151,Income,1183
7152,Income,1222
7153,Income,1222
7154,Income,1222
7155,Income,932
7156,Income,932
7157,Income,932
7158,Income,932
7159,Income,938
7160,Income,938
7161,Income,938
7162,Income,938
7163,Income,953
7164,Income,953
7165,Income,953
7166,Income,953
7167,Income,965
7168,Income,965
7169,Income,965
7170,Income,1145
7171,Income,1145
7172,Income,1145
7173,Income,1145
7174,Income,1105
7175,Income,1105
7176,Income,1105
7177,Income,1105
7178,Income,1081
7179,Income,1081
7180,Income,1081
7181,Income,1081
7182,Income,1091
7183,Income,1091
7184,Income,1091
7185,Income,1117
7186,Income,1131
7187,Income,1140
7188,Income,1151
7189,Income,1157
7190,Income,1162
7191,Income,1160
7192,Income,1165
7193,Income,1177
7194,Income,1191
7195,Income,1206
7196,Income,1221
7197,Income,1234
7198,Income,1246
7199,Income,1257
7200,Income,992
7201,Income,995
7202,Income,994
7203,Income,1004
7204,Income,1011
7205,Income,1013
7206,Income,993
7207,Income,997
7208,Income,999
7209,Income,1005
7210,Income,1025
7211,Income,1046
7212,Income,1065
7213,Income,1083
7214,Income,1097
7215,Income,1086
7216,Income,1086
7217,Income,1096
7218,Income,1146
7219,Income,1135
7220,Income,1123
7221,Income,1133
7222,Income,1127
7223,Income,1106
7224,Income,1099
7225,Income,1110
7226,Income,1146
7227,Income,1143
7228,Income,1199
7229,Income,1206
7230,Income,1194
7231,Income,1216
7232,Income,1233
7233,Income,1243
7234,Income,1250
7235,Income,1258
7236,Income,1260
7237,Income,1264
7238,Income,1272
7239,Income,1284
7240,Income,1299
7241,Income,1310
7242,Income,1320
7243,Income,1325
7244,Income,1331
7245,Income,853
7246,Income,851
7247,Income,820
7248,Income,812
7249,Income,812
7250,Income,812
7251,Income,812
7252,Income,812
7253,Income,811
7254,Income,810
7255,Income,808
7256,Income,758
7257,Income,757
7258,Income,716
7259,Income,759
7260,Income,1083
7261,Income,1086
7262,Income,1088
7263,Income,1091
7264,Income,1098
7265,Income,1105
7266,Income,1114
7267,Income,1126
7268,Income,1166
7269,Income,1196
7270,Income,1209
7271,Income,1229
7272,Income,1253
7273,Income,1278
7274,Income,1282
7275,Income,1133
7276,Income,1117
7277,Income,1088
7278,Income,1068
7279,Income,1063
7280,Income,1041
7281,Income,976
7282,Income,941
7283,Income,946
7284,Income,956
7285,Income,952
7286,Income,1007
7287,Income,1132
7288,Income,1251
7289,Income,1327
7290,Income,1133
7291,Income,1117
7292,Income,1088
7293,Income,1068
7294,Income,1063
7295,Income,1041
7296,Income,976
7297,Income,941
7298,Income,946
7299,Income,956
7300,Income,952
7301,Income,1007
7302,Income,1132
7303,Income,1251
7304,Income,1327
7305,Income,1052
7306,Income,1058
7307,Income,1064
7308,Income,1068
7309,Income,1077
7310,Income,1069
7311,Income,1071
7312,Income,1073
7313,Income,1083
7314,Income,1095
7315,Income,1115
7316,Income,1131
7317,Income,1157
7318,Income,1180
7319,Income,1204
7320,Income,1038
7321,Income,1045
7322,Income,1058
7323,Income,1052
7324,Income,1072
7325,Income,1084
7326,Income,1099
7327,Income,1078
7328,Income,1083
7329,Income,1101
7330,Income,1132
7331,Income,1123
7332,Income,1156
7333,Income,1173
7334,Income,1223
7335,Income,1044
7336,Income,1054
7337,Income,1069
7338,Income,998
7339,Income,1042
7340,Income,1093
7341,Income,1236
7342,Income,1068
7343,Income,1064
7344,Income,1160
7345,Income,1296
7346,Income,1148
7347,Income,1244
7348,Income,1245
7349,Income,1470
7350,Income,1016
7351,Income,1017
7352,Income,1053
7353,Income,1067
7354,Income,1086
7355,Income,1068
7356,Income,1072
7357,Income,1069
7358,Income,1062
7359,Income,1063
7360,Income,1092
7361,Income,1100
7362,Income,1139
7363,Income,1141
7364,Income,1172
7365,Income,1001
7366,Income,1002
7367,Income,1008
7368,Income,1011
7369,Income,1032
7370,Income,1038
7371,Income,1024
7372,Income,1022
7373,Income,1030
7374,Income,1035
7375,Income,1050
7376,Income,1063
7377,Income,1088
7378,Income,1110
7379,Income,1135
7380,Income,1032
7381,Income,1039
7382,Income,1056
7383,Income,1042
7384,Income,1055
7385,Income,1065
7386,Income,1063
7387,Income,1056
7388,Income,1061
7389,Income,1057
7390,Income,1065
7391,Income,1062
7392,Income,1086
7393,Income,1096
7394,Income,1117
7395,Income,1111
7396,Income,1126
7397,Income,1134
7398,Income,1141
7399,Income,1151
7400,Income,1168
7401,Income,1177
7402,Income,1184
7403,Income,1194
7404,Income,1217
7405,Income,1230
7406,Income,1242
7407,Income,1256
7408,Income,1288
7409,Income,1311
7410,Income,1238
7411,Income,1243
7412,Income,1246
7413,Income,1240
7414,Income,1306
7415,Income,1311
7416,Income,1313
7417,Income,1317
7418,Income,1339
7419,Income,1341
7420,Income,1347
7421,Income,1343
7422,Income,1377
7423,Income,1391
7424,Income,1411
7425,Income,1032
7426,Income,1039
7427,Income,1043
7428,Income,1035
7429,Income,1045
7430,Income,1056
7431,Income,1057
7432,Income,1060
7433,Income,1067
7434,Income,1072
7435,Income,1079
7436,Income,1075
7437,Income,1090
7438,Income,1108
7439,Income,1135
7440,Income,1632
7441,Income,1632
7442,Income,1633
7443,Income,1633
7444,Income,1815
7445,Income,1805
7446,Income,1808
7447,Income,1817
7448,Income,1870
7449,Income,1866
7450,Income,1866
7451,Income,1864
7452,Income,1943
7453,Income,1945
7454,Income,1945
7455,Income,1007
7456,Income,1016
7457,Income,1007
7458,Income,1016
7459,Income,1013
7460,Income,983
7461,Income,991
7462,Income,1010
7463,Income,1004
7464,Income,1031
7465,Income,1030
7466,Income,1033
7467,Income,1026
7468,Income,1035
7469,Income,1048
7470,Income,999
7471,Income,1008
7472,Income,1001
7473,Income,1011
7474,Income,1012
7475,Income,995
7476,Income,996
7477,Income,1014
7478,Income,1004
7479,Income,1030
7480,Income,1028
7481,Income,1031
7482,Income,1025
7483,Income,1030
7484,Income,1041
7485,Income,1034
7486,Income,1044
7487,Income,1027
7488,Income,1032
7489,Income,1016
7490,Income,938
7491,Income,980
7492,Income,1005
7493,Income,1008
7494,Income,1043
7495,Income,1049
7496,Income,1048
7497,Income,1039
7498,Income,1063
7499,Income,1085
7500,Income,1128
7501,Income,1135
7502,Income,1153
7503,Income,1158
7504,Income,1169
7505,Income,1175
7506,Income,1185
7507,Income,1187
7508,Income,1196
7509,Income,1205
7510,Income,1227
7511,Income,1235
7512,Income,1248
7513,Income,1264
7514,Income,1287
7515,Income,1110
7516,Income,1121
7517,Income,1130
7518,Income,1140
7519,Income,1155
7520,Income,1163
7521,Income,1170
7522,Income,1177
7523,Income,1190
7524,Income,1203
7525,Income,1213
7526,Income,1229
7527,Income,1243
7528,Income,1261
7529,Income,1275
7530,Income,1110
7531,Income,1121
7532,Income,1130
7533,Income,1140
7534,Income,1155
7535,Income,1163
7536,Income,1170
7537,Income,1177
7538,Income,1190
7539,Income,1203
7540,Income,1213
7541,Income,1229
7542,Income,1243
7543,Income,1261
7544,Income,1275
7545,Income,1143
7546,Income,1152
7547,Income,1162
7548,Income,1168
7549,Income,1176
7550,Income,1192
7551,Income,1200
7552,Income,1201
7553,Income,1210
7554,Income,1225
7555,Income,1240
7556,Income,1271
7557,Income,1292
7558,Income,1320
7559,Income,1346
7560,Income,1222
7561,Income,1222
7562,Income,1282
7563,Income,1283
7564,Income,1283
7565,Income,1283
7566,Income,1322
7567,Income,1322
7568,Income,1322
7569,Income,1322
7570,Income,1413
7571,Income,1413
7572,Income,1413
7573,Income,1414
7574,Income,1514
7575,Income,1243
7576,Income,1243
7577,Income,1303
7578,Income,1303
7579,Income,1303
7580,Income,1303
7581,Income,1344
7582,Income,1344
7583,Income,1344
7584,Income,1344
7585,Income,1437
7586,Income,1437
7587,Income,1437
7588,Income,1437
7589,Income,1542
7590,Income,1080
7591,Income,1086
7592,Income,1084
7593,Income,1085
7594,Income,1098
7595,Income,1103
7596,Income,1103
7597,Income,1092
7598,Income,1096
7599,Income,1099
7600,Income,1097
7601,Income,1087
7602,Income,1101
7603,Income,1121
7604,Income,1104
7605,Income,1077
7606,Income,1081
7607,Income,1079
7608,Income,1077
7609,Income,1091
7610,Income,1096
7611,Income,1096
7612,Income,1083
7613,Income,1088
7614,Income,1090
7615,Income,1088
7616,Income,1076
7617,Income,1091
7618,Income,1110
7619,Income,1091
7620,Income,987
7621,Income,1013
7622,Income,1010
7623,Income,1010
7624,Income,1001
7625,Income,999
7626,Income,1019
7627,Income,1036
7628,Income,1021
7629,Income,1031
7630,Income,1044
7631,Income,1068
7632,Income,1072
7633,Income,1099
7634,Income,1119
7635,Income,1017
7636,Income,1051
7637,Income,1050
7638,Income,1051
7639,Income,1031
7640,Income,1033
7641,Income,1015
7642,Income,1097
7643,Income,1050
7644,Income,1049
7645,Income,1063
7646,Income,1158
7647,Income,1119
7648,Income,1149
7649,Income,1184
7650,Income,965
7651,Income,1021
7652,Income,1032
7653,Income,1017
7654,Income,1020
7655,Income,993
7656,Income,1058
7657,Income,1064
7658,Income,1006
7659,Income,1049
7660,Income,1088
7661,Income,1058
7662,Income,1045
7663,Income,1104
7664,Income,1066
7665,Income,993
7666,Income,1018
7667,Income,1003
7668,Income,1011
7669,Income,985
7670,Income,961
7671,Income,1013
7672,Income,1012
7673,Income,1024
7674,Income,1017
7675,Income,1038
7676,Income,1029
7677,Income,1052
7678,Income,1057
7679,Income,1056
7680,Income,882
7681,Income,933
7682,Income,929
7683,Income,915
7684,Income,914
7685,Income,937
7686,Income,979
7687,Income,983
7688,Income,959
7689,Income,973
7690,Income,942
7691,Income,939
7692,Income,941
7693,Income,987
7694,Income,1033
7695,Income,993
7696,Income,985
7697,Income,991
7698,Income,991
7699,Income,978
7700,Income,974
7701,Income,985
7702,Income,986
7703,Income,990
7704,Income,995
7705,Income,1001
7706,Income,1036
7707,Income,1048
7708,Income,1084
7709,Income,1104
7710,Income,994
7711,Income,1013
7712,Income,1006
7713,Income,1010
7714,Income,1023
7715,Income,1035
7716,Income,1033
7717,Income,1023
7718,Income,1030
7719,Income,1052
7720,Income,1058
7721,Income,1081
7722,Income,1112
7723,Income,1131
7724,Income,1179
7725,Income,1068
7726,Income,1072
7727,Income,1075
7728,Income,1082
7729,Income,1084
7730,Income,1089
7731,Income,1094
7732,Income,1099
7733,Income,1107
7734,Income,1116
7735,Income,1120
7736,Income,1128
7737,Income,1138
7738,Income,1151
7739,Income,1167
7740,Income,1005
7741,Income,1009
7742,Income,1005
7743,Income,1013
7744,Income,1015
7745,Income,1021
7746,Income,1013
7747,Income,1010
7748,Income,1019
7749,Income,1011
7750,Income,1004
7751,Income,1001
7752,Income,1018
7753,Income,1018
7754,Income,1032
7755,Income,1089
7756,Income,1093
7757,Income,1100
7758,Income,1106
7759,Income,1107
7760,Income,1113
7761,Income,1125
7762,Income,1135
7763,Income,1142
7764,Income,1161
7765,Income,1171
7766,Income,1185
7767,Income,1192
7768,Income,1212
7769,Income,1228
7770,Income,1149
7771,Income,1153
7772,Income,1168
7773,Income,1178
7774,Income,1178
7775,Income,1178
7776,Income,1198
7777,Income,1209
7778,Income,1210
7779,Income,1213
7780,Income,1239
7781,Income,1259
7782,Income,1259
7783,Income,1323
7784,Income,1346
7785,Income,924
7786,Income,933
7787,Income,939
7788,Income,957
7789,Income,943
7790,Income,892
7791,Income,906
7792,Income,926
7793,Income,962
7794,Income,990
7795,Income,1034
7796,Income,1077
7797,Income,1123
7798,Income,1154
7799,Income,1163
7800,Income,976
7801,Income,957
7802,Income,952
7803,Income,944
7804,Income,953
7805,Income,949
7806,Income,953
7807,Income,986
7808,Income,1018
7809,Income,1041
7810,Income,1038
7811,Income,1060
7812,Income,1088
7813,Income,1087
7814,Income,1083
7815,Income,924
7816,Income,963
7817,Income,964
7818,Income,974
7819,Income,959
7820,Income,880
7821,Income,894
7822,Income,897
7823,Income,941
7824,Income,981
7825,Income,1031
7826,Income,1086
7827,Income,1157
7828,Income,1220
7829,Income,1188
7830,Income,955
7831,Income,1012
7832,Income,1004
7833,Income,1017
7834,Income,991
7835,Income,871
7836,Income,887
7837,Income,890
7838,Income,955
7839,Income,1013
7840,Income,1079
7841,Income,1162
7842,Income,1263
7843,Income,1343
7844,Income,1281
7845,Income,908
7846,Income,866
7847,Income,898
7848,Income,972
7849,Income,930
7850,Income,902
7851,Income,933
7852,Income,1020
7853,Income,1025
7854,Income,999
7855,Income,1179
7856,Income,1207
7857,Income,1116
7858,Income,1014
7859,Income,1204
7860,Income,837
7861,Income,827
7862,Income,818
7863,Income,805
7864,Income,806
7865,Income,812
7866,Income,804
7867,Income,801
7868,Income,789
7869,Income,774
7870,Income,767
7871,Income,786
7872,Income,788
7873,Income,784
7874,Income,795
7875,Income,1183
7876,Income,1189
7877,Income,1191
7878,Income,1187
7879,Income,1189
7880,Income,1191
7881,Income,1198
7882,Income,1195
7883,Income,1199
7884,Income,1191
7885,Income,1204
7886,Income,1207
7887,Income,1227
7888,Income,1283
7889,Income,1338
7890,Income,398
7891,Income,361
7892,Income,351
7893,Income,350
7894,Income,372
7895,Income,401
7896,Income,341
7897,Income,369
7898,Income,338
7899,Income,298
7900,Income,290
7901,Income,338
7902,Income,324
7903,Income,348
7904,Income,287
7905,Income,892
7906,Income,893
7907,Income,885
7908,Income,869
7909,Income,862
7910,Income,859
7911,Income,860
7912,Income,851
7913,Income,842
7914,Income,831
7915,Income,823
7916,Income,838
7917,Income,842
7918,Income,831
7919,Income,853
7920,Income,1005
7921,Income,1001
7922,Income,1010
7923,Income,1023
7924,Income,1024
7925,Income,1012
7926,Income,1022
7927,Income,1049
7928,Income,1040
7929,Income,1037
7930,Income,1056
7931,Income,1077
7932,Income,1072
7933,Income,1079
7934,Income,1093
7935,Income,596
7936,Income,552
7937,Income,559
7938,Income,555
7939,Income,522
7940,Income,507
7941,Income,515
7942,Income,533
7943,Income,500
7944,Income,461
7945,Income,469
7946,Income,488
7947,Income,460
7948,Income,427
7949,Income,449
7950,Income,1079
7951,Income,1103
7952,Income,1104
7953,Income,1102
7954,Income,1120
7955,Income,1137
7956,Income,1151
7957,Income,1151
7958,Income,1171
7959,Income,1192
7960,Income,1226
7961,Income,1281
7962,Income,1292
7963,Income,1352
7964,Income,1352
7965,Income,1016
7966,Income,1024
7967,Income,1020
7968,Income,1027
7969,Income,1031
7970,Income,1042
7971,Income,1032
7972,Income,1046
7973,Income,1051
7974,Income,1088
7975,Income,1124
7976,Income,1144
7977,Income,1146
7978,Income,1169
7979,Income,1205
7980,Income,1050
7981,Income,1058
7982,Income,1071
7983,Income,1073
7984,Income,1077
7985,Income,1061
7986,Income,1087
7987,Income,1102
7988,Income,1104
7989,Income,1092
7990,Income,1101
7991,Income,1109
7992,Income,1109
7993,Income,1122
7994,Income,1098
7995,Income,1166
7996,Income,1178
7997,Income,1200
7998,Income,1228
7999,Income,1218
8000,Income,1242
8001,Income,1240
8002,Income,1275
8003,Income,1222
8004,Income,1243
8005,Income,1240
8006,Income,1290
8007,Income,1266
8008,Income,1322
8009,Income,1314
8010,Income,1245
8011,Income,1226
8012,Income,1242
8013,Income,1296
8014,Income,1335
8015,Income,1263
8016,Income,1274
8017,Income,1402
8018,Income,1403
8019,Income,1405
8020,Income,1437
8021,Income,1478
8022,Income,1517
8023,Income,1504
8024,Income,1583
8025,Income,1057
8026,Income,1057
8027,Income,1074
8028,Income,1074
8029,Income,1065
8030,Income,1065
8031,Income,1079
8032,Income,1081
8033,Income,1094
8034,Income,1094
8035,Income,1105
8036,Income,1105
8037,Income,1118
8038,Income,1118
8039,Income,1140
8040,Income,1096
8041,Income,1096
8042,Income,1161
8043,Income,1161
8044,Income,1161
8045,Income,1161
8046,Income,1193
8047,Income,1197
8048,Income,1197
8049,Income,1197
8050,Income,1221
8051,Income,1221
8052,Income,1221
8053,Income,1221
8054,Income,1270
8055,Income,1190
8056,Income,1190
8057,Income,1190
8058,Income,1190
8059,Income,1156
8060,Income,1156
8061,Income,1156
8062,Income,1156
8063,Income,1198
8064,Income,1198
8065,Income,1198
8066,Income,1198
8067,Income,1242
8068,Income,1242
8069,Income,1242
8070,Income,959
8071,Income,959
8072,Income,959
8073,Income,959
8074,Income,966
8075,Income,966
8076,Income,966
8077,Income,966
8078,Income,983
8079,Income,983
8080,Income,983
8081,Income,983
8082,Income,998
8083,Income,998
8084,Income,998
8085,Income,1158
8086,Income,1158
8087,Income,1158
8088,Income,1158
8089,Income,1122
8090,Income,1122
8091,Income,1122
8092,Income,1122
8093,Income,1101
8094,Income,1101
8095,Income,1101
8096,Income,1101
8097,Income,1111
8098,Income,1111
8099,Income,1111
8100,Income,1132
8101,Income,1147
8102,Income,1156
8103,Income,1167
8104,Income,1173
8105,Income,1178
8106,Income,1177
8107,Income,1183
8108,Income,1195
8109,Income,1209
8110,Income,1223
8111,Income,1236
8112,Income,1247
8113,Income,1258
8114,Income,1270
8115,Income,1005
8116,Income,1008
8117,Income,1008
8118,Income,1017
8119,Income,1024
8120,Income,1028
8121,Income,1008
8122,Income,1013
8123,Income,1016
8124,Income,1025
8125,Income,1043
8126,Income,1065
8127,Income,1084
8128,Income,1103
8129,Income,1114
8130,Income,1086
8131,Income,1081
8132,Income,1090
8133,Income,1141
8134,Income,1128
8135,Income,1118
8136,Income,1153
8137,Income,1162
8138,Income,1136
8139,Income,1140
8140,Income,1140
8141,Income,1162
8142,Income,1143
8143,Income,1142
8144,Income,1186
8145,Income,1201
8146,Income,1224
8147,Income,1241
8148,Income,1250
8149,Income,1257
8150,Income,1265
8151,Income,1268
8152,Income,1271
8153,Income,1279
8154,Income,1291
8155,Income,1306
8156,Income,1317
8157,Income,1326
8158,Income,1331
8159,Income,1337
8160,Income,878
8161,Income,877
8162,Income,833
8163,Income,827
8164,Income,827
8165,Income,827
8166,Income,827
8167,Income,827
8168,Income,826
8169,Income,826
8170,Income,824
8171,Income,768
8172,Income,768
8173,Income,736
8174,Income,786
8175,Income,1116
8176,Income,1123
8177,Income,1126
8178,Income,1131
8179,Income,1139
8180,Income,1141
8181,Income,1149
8182,Income,1161
8183,Income,1201
8184,Income,1229
8185,Income,1236
8186,Income,1244
8187,Income,1258
8188,Income,1290
8189,Income,1300
8190,Income,1150
8191,Income,1135
8192,Income,1105
8193,Income,1085
8194,Income,1080
8195,Income,1059
8196,Income,992
8197,Income,957
8198,Income,965
8199,Income,978
8200,Income,975
8201,Income,1034
8202,Income,1166
8203,Income,1288
8204,Income,1360
8205,Income,1150
8206,Income,1135
8207,Income,1105
8208,Income,1085
8209,Income,1080
8210,Income,1059
8211,Income,992
8212,Income,957
8213,Income,965
8214,Income,978
8215,Income,975
8216,Income,1034
8217,Income,1166
8218,Income,1288
8219,Income,1360
8220,Income,1059
8221,Income,1064
8222,Income,1070
8223,Income,1073
8224,Income,1081
8225,Income,1073
8226,Income,1077
8227,Income,1078
8228,Income,1087
8229,Income,1100
8230,Income,1120
8231,Income,1134
8232,Income,1162
8233,Income,1185
8234,Income,1211
8235,Income,1039
8236,Income,1047
8237,Income,1062
8238,Income,1052
8239,Income,1072
8240,Income,1084
8241,Income,1099
8242,Income,1080
8243,Income,1086
8244,Income,1103
8245,Income,1134
8246,Income,1125
8247,Income,1158
8248,Income,1174
8249,Income,1223
8250,Income,1032
8251,Income,1052
8252,Income,1073
8253,Income,989
8254,Income,1030
8255,Income,1091
8256,Income,1227
8257,Income,1078
8258,Income,1072
8259,Income,1153
8260,Income,1291
8261,Income,1153
8262,Income,1253
8263,Income,1246
8264,Income,1468
8265,Income,1018
8266,Income,1017
8267,Income,1053
8268,Income,1065
8269,Income,1084
8270,Income,1062
8271,Income,1065
8272,Income,1062
8273,Income,1058
8274,Income,1058
8275,Income,1089
8276,Income,1098
8277,Income,1133
8278,Income,1133
8279,Income,1166
8280,Income,1001
8281,Income,1003
8282,Income,1009
8283,Income,1009
8284,Income,1031
8285,Income,1035
8286,Income,1020
8287,Income,1018
8288,Income,1027
8289,Income,1030
8290,Income,1044
8291,Income,1056
8292,Income,1081
8293,Income,1101
8294,Income,1125
8295,Income,1023
8296,Income,1028
8297,Income,1047
8298,Income,1031
8299,Income,1043
8300,Income,1050
8301,Income,1048
8302,Income,1040
8303,Income,1046
8304,Income,1041
8305,Income,1047
8306,Income,1045
8307,Income,1070
8308,Income,1077
8309,Income,1095
8310,Income,1104
8311,Income,1118
8312,Income,1126
8313,Income,1133
8314,Income,1144
8315,Income,1159
8316,Income,1168
8317,Income,1175
8318,Income,1186
8319,Income,1209
8320,Income,1220
8321,Income,1232
8322,Income,1246
8323,Income,1278
8324,Income,1301
8325,Income,1161
8326,Income,1168
8327,Income,1170
8328,Income,1164
8329,Income,1202
8330,Income,1209
8331,Income,1211
8332,Income,1215
8333,Income,1229
8334,Income,1232
8335,Income,1240
8336,Income,1235
8337,Income,1263
8338,Income,1278
8339,Income,1301
8340,Income,1032
8341,Income,1040
8342,Income,1043
8343,Income,1035
8344,Income,1044
8345,Income,1054
8346,Income,1055
8347,Income,1058
8348,Income,1064
8349,Income,1070
8350,Income,1079
8351,Income,1073
8352,Income,1088
8353,Income,1107
8354,Income,1135
8355,Income,1640
8356,Income,1641
8357,Income,1641
8358,Income,1641
8359,Income,1820
8360,Income,1812
8361,Income,1815
8362,Income,1826
8363,Income,1870
8364,Income,1864
8365,Income,1866
8366,Income,1863
8367,Income,1942
8368,Income,1942
8369,Income,1944
8370,Income,986
8371,Income,994
8372,Income,990
8373,Income,1004
8374,Income,1004
8375,Income,974
8376,Income,982
8377,Income,996
8378,Income,989
8379,Income,1024
8380,Income,1025
8381,Income,1026
8382,Income,1019
8383,Income,1024
8384,Income,1035
8385,Income,977
8386,Income,985
8387,Income,982
8388,Income,998
8389,Income,1001
8390,Income,982
8391,Income,986
8392,Income,1003
8393,Income,993
8394,Income,1020
8395,Income,1020
8396,Income,1020
8397,Income,1013
8398,Income,1011
8399,Income,1024
8400,Income,1026
8401,Income,1033
8402,Income,1024
8403,Income,1027
8404,Income,1014
8405,Income,932
8406,Income,956
8407,Income,960
8408,Income,964
8409,Income,1036
8410,Income,1038
8411,Income,1045
8412,Income,1034
8413,Income,1068
8414,Income,1076
8415,Income,1136
8416,Income,1141
8417,Income,1161
8418,Income,1165
8419,Income,1174
8420,Income,1180
8421,Income,1192
8422,Income,1193
8423,Income,1200
8424,Income,1208
8425,Income,1235
8426,Income,1245
8427,Income,1257
8428,Income,1272
8429,Income,1300
8430,Income,1112
8431,Income,1123
8432,Income,1131
8433,Income,1140
8434,Income,1155
8435,Income,1162
8436,Income,1168
8437,Income,1174
8438,Income,1186
8439,Income,1197
8440,Income,1206
8441,Income,1220
8442,Income,1234
8443,Income,1250
8444,Income,1262
8445,Income,1112
8446,Income,1123
8447,Income,1131
8448,Income,1140
8449,Income,1155
8450,Income,1162
8451,Income,1168
8452,Income,1174
8453,Income,1186
8454,Income,1197
8455,Income,1206
8456,Income,1220
8457,Income,1234
8458,Income,1250
8459,Income,1262
8460,Income,1139
8461,Income,1145
8462,Income,1158
8463,Income,1163
8464,Income,1174
8465,Income,1185
8466,Income,1192
8467,Income,1195
8468,Income,1205
8469,Income,1223
8470,Income,1243
8471,Income,1280
8472,Income,1300
8473,Income,1326
8474,Income,1352
8475,Income,1222
8476,Income,1222
8477,Income,1280
8478,Income,1281
8479,Income,1281
8480,Income,1282
8481,Income,1322
8482,Income,1322
8483,Income,1322
8484,Income,1322
8485,Income,1413
8486,Income,1413
8487,Income,1414
8488,Income,1415
8489,Income,1513
8490,Income,1240
8491,Income,1240
8492,Income,1299
8493,Income,1299
8494,Income,1299
8495,Income,1299
8496,Income,1341
8497,Income,1341
8498,Income,1341
8499,Income,1341
8500,Income,1435
8501,Income,1435
8502,Income,1435
8503,Income,1435
8504,Income,1539
8505,Income,1078
8506,Income,1084
8507,Income,1082
8508,Income,1084
8509,Income,1096
8510,Income,1101
8511,Income,1101
8512,Income,1091
8513,Income,1095
8514,Income,1100
8515,Income,1098
8516,Income,1089
8517,Income,1105
8518,Income,1125
8519,Income,1108
8520,Income,1071
8521,Income,1076
8522,Income,1073
8523,Income,1072
8524,Income,1085
8525,Income,1090
8526,Income,1091
8527,Income,1079
8528,Income,1083
8529,Income,1089
8530,Income,1086
8531,Income,1075
8532,Income,1092
8533,Income,1111
8534,Income,1089
8535,Income,1005
8536,Income,1027
8537,Income,1026
8538,Income,1033
8539,Income,1024
8540,Income,1021
8541,Income,1040
8542,Income,1052
8543,Income,1045
8544,Income,1050
8545,Income,1064
8546,Income,1084
8547,Income,1094
8548,Income,1120
8549,Income,1138
8550,Income,1014
8551,Income,1047
8552,Income,1044
8553,Income,1052
8554,Income,1038
8555,Income,1037
8556,Income,1020
8557,Income,1076
8558,Income,1057
8559,Income,1056
8560,Income,1055
8561,Income,1130
8562,Income,1109
8563,Income,1146
8564,Income,1166
8565,Income,965
8566,Income,1017
8567,Income,1033
8568,Income,1037
8569,Income,1026
8570,Income,997
8571,Income,1070
8572,Income,1064
8573,Income,1006
8574,Income,1043
8575,Income,1080
8576,Income,1063
8577,Income,1046
8578,Income,1091
8579,Income,1051
8580,Income,1006
8581,Income,1035
8582,Income,1023
8583,Income,1036
8584,Income,1010
8585,Income,984
8586,Income,1034
8587,Income,1037
8588,Income,1046
8589,Income,1044
8590,Income,1065
8591,Income,1051
8592,Income,1080
8593,Income,1087
8594,Income,1093
8595,Income,939
8596,Income,947
8597,Income,944
8598,Income,958
8599,Income,952
8600,Income,973
8601,Income,1002
8602,Income,1003
8603,Income,974
8604,Income,957
8605,Income,998
8606,Income,974
8607,Income,968
8608,Income,991
8609,Income,1035
8610,Income,1000
8611,Income,994
8612,Income,1000
8613,Income,1002
8614,Income,987
8615,Income,984
8616,Income,998
8617,Income,1004
8618,Income,1008
8619,Income,1004
8620,Income,1014
8621,Income,1052
8622,Income,1071
8623,Income,1115
8624,Income,1134
8625,Income,1011
8626,Income,1030
8627,Income,1027
8628,Income,1029
8629,Income,1042
8630,Income,1049
8631,Income,1049
8632,Income,1042
8633,Income,1048
8634,Income,1068
8635,Income,1075
8636,Income,1097
8637,Income,1125
8638,Income,1143
8639,Income,1185
8640,Income,1057
8641,Income,1066
8642,Income,1068
8643,Income,1074
8644,Income,1077
8645,Income,1081
8646,Income,1087
8647,Income,1089
8648,Income,1096
8649,Income,1104
8650,Income,1107
8651,Income,1115
8652,Income,1126
8653,Income,1142
8654,Income,1156
8655,Income,984
8656,Income,1002
8657,Income,994
8658,Income,1000
8659,Income,1006
8660,Income,1011
8661,Income,1002
8662,Income,993
8663,Income,1003
8664,Income,993
8665,Income,986
8666,Income,977
8667,Income,998
8668,Income,1002
8669,Income,1016
8670,Income,1085
8671,Income,1090
8672,Income,1097
8673,Income,1102
8674,Income,1103
8675,Income,1109
8676,Income,1122
8677,Income,1132
8678,Income,1137
8679,Income,1155
8680,Income,1164
8681,Income,1180
8682,Income,1186
8683,Income,1206
8684,Income,1219
8685,Income,1144
8686,Income,1148
8687,Income,1159
8688,Income,1167
8689,Income,1167
8690,Income,1167
8691,Income,1185
8692,Income,1193
8693,Income,1194
8694,Income,1197
8695,Income,1220
8696,Income,1241
8697,Income,1241
8698,Income,1290
8699,Income,1320
8700,Income,935
8701,Income,940
8702,Income,945
8703,Income,966
8704,Income,951
8705,Income,910
8706,Income,920
8707,Income,942
8708,Income,979
8709,Income,1000
8710,Income,1041
8711,Income,1082
8712,Income,1119
8713,Income,1143
8714,Income,1164
8715,Income,971
8716,Income,951
8717,Income,946
8718,Income,940
8719,Income,949
8720,Income,945
8721,Income,943
8722,Income,973
8723,Income,999
8724,Income,1018
8725,Income,1011
8726,Income,1030
8727,Income,1053
8728,Income,1059
8729,Income,1057
8730,Income,948
8731,Income,986
8732,Income,987
8733,Income,998
8734,Income,985
8735,Income,906
8736,Income,920
8737,Income,923
8738,Income,969
8739,Income,1011
8740,Income,1063
8741,Income,1121
8742,Income,1195
8743,Income,1263
8744,Income,1232
8745,Income,963
8746,Income,1017
8747,Income,1009
8748,Income,1027
8749,Income,1003
8750,Income,882
8751,Income,898
8752,Income,902
8753,Income,966
8754,Income,1025
8755,Income,1090
8756,Income,1173
8757,Income,1274
8758,Income,1354
8759,Income,1294
8760,Income,890
8761,Income,858
8762,Income,879
8763,Income,943
8764,Income,902
8765,Income,900
8766,Income,917
8767,Income,979
8768,Income,1013
8769,Income,976
8770,Income,1105
8771,Income,1135
8772,Income,1058
8773,Income,948
8774,Income,1119
8775,Income,842
8776,Income,831
8777,Income,822
8778,Income,809
8779,Income,810
8780,Income,817
8781,Income,807
8782,Income,805
8783,Income,792
8784,Income,776
8785,Income,769
8786,Income,789
8787,Income,790
8788,Income,787
8789,Income,795
8790,Income,1224
8791,Income,1236
8792,Income,1228
8793,Income,1220
8794,Income,1224
8795,Income,1227
8796,Income,1235
8797,Income,1236
8798,Income,1238
8799,Income,1240
8800,Income,1265
8801,Income,1266
8802,Income,1276
8803,Income,1301
8804,Income,1393
8805,Income,414
8806,Income,372
8807,Income,361
8808,Income,360
8809,Income,384
8810,Income,415
8811,Income,354
8812,Income,382
8813,Income,350
8814,Income,309
8815,Income,301
8816,Income,350
8817,Income,336
8818,Income,361
8819,Income,297
8820,Income,876
8821,Income,876
8822,Income,870
8823,Income,853
8824,Income,846
8825,Income,843
8826,Income,843
8827,Income,835
8828,Income,826
8829,Income,817
8830,Income,809
8831,Income,822
8832,Income,827
8833,Income,817
8834,Income,836
8835,Income,1009
8836,Income,1000
8837,Income,1008
8838,Income,1028
8839,Income,1032
8840,Income,1014
8841,Income,1018
8842,Income,1053
8843,Income,1044
8844,Income,1046
8845,Income,1073
8846,Income,1091
8847,Income,1084
8848,Income,1093
8849,Income,1118
8850,Income,581
8851,Income,534
8852,Income,545
8853,Income,546
8854,Income,508
8855,Income,487
8856,Income,502
8857,Income,524
8858,Income,486
8859,Income,437
8860,Income,454
8861,Income,476
8862,Income,441
8863,Income,399
8864,Income,422
8865,Income,1051
8866,Income,1057
8867,Income,1064
8868,Income,1059
8869,Income,1056
8870,Income,1057
8871,Income,1066
8872,Income,1068
8873,Income,1081
8874,Income,1101
8875,Income,1129
8876,Income,1170
8877,Income,1181
8878,Income,1225
8879,Income,1242
8880,Income,1030
8881,Income,1038
8882,Income,1035
8883,Income,1046
8884,Income,1050
8885,Income,1059
8886,Income,1046
8887,Income,1055
8888,Income,1061
8889,Income,1105
8890,Income,1153
8891,Income,1176
8892,Income,1168
8893,Income,1194
8894,Income,1222
8895,Income,1052
8896,Income,1055
8897,Income,1067
8898,Income,1072
8899,Income,1076
8900,Income,1062
8901,Income,1082
8902,Income,1095
8903,Income,1093
8904,Income,1081
8905,Income,1090
8906,Income,1099
8907,Income,1101
8908,Income,1114
8909,Income,1098
8910,Income,1184
8911,Income,1190
8912,Income,1188
8913,Income,1228
8914,Income,1217
8915,Income,1256
8916,Income,1249
8917,Income,1301
8918,Income,1257
8919,Income,1292
8920,Income,1293
8921,Income,1322
8922,Income,1299
8923,Income,1355
8924,Income,1370
8925,Income,1248
8926,Income,1222
8927,Income,1238
8928,Income,1293
8929,Income,1331
8930,Income,1255
8931,Income,1245
8932,Income,1408
8933,Income,1403
8934,Income,1411
8935,Income,1460
8936,Income,1471
8937,Income,1502
8938,Income,1513
8939,Income,1616
8940,Income,1062
8941,Income,1062
8942,Income,1069
8943,Income,1069
8944,Income,1082
8945,Income,1082
8946,Income,1090
8947,Income,1091
8948,Income,1108
8949,Income,1108
8950,Income,1114
8951,Income,1114
8952,Income,1137
8953,Income,1137
8954,Income,1150
8955,Income,1078
8956,Income,1078
8957,Income,1106
8958,Income,1106
8959,Income,1106
8960,Income,1106
8961,Income,1135
8962,Income,1139
8963,Income,1139
8964,Income,1139
8965,Income,1159
8966,Income,1159
8967,Income,1159
8968,Income,1159
8969,Income,1205
8970,Income,1184
8971,Income,1184
8972,Income,1184
8973,Income,1184
8974,Income,1211
8975,Income,1211
8976,Income,1211
8977,Income,1211
8978,Income,1245
8979,Income,1245
8980,Income,1245
8981,Income,1245
8982,Income,1294
8983,Income,1294
8984,Income,1294
8985,Income,931
8986,Income,931
8987,Income,931
8988,Income,931
8989,Income,940
8990,Income,940
8991,Income,940
8992,Income,940
8993,Income,953
8994,Income,953
8995,Income,953
8996,Income,953
8997,Income,967
8998,Income,967
8999,Income,967
9000,Income,1134
9001,Income,1134
9002,Income,1134
9003,Income,1134
9004,Income,1082
9005,Income,1082
9006,Income,1082
9007,Income,1082
9008,Income,1080
9009,Income,1080
9010,Income,1080
9011,Income,1080
9012,Income,1090
9013,Income,1090
9014,Income,1090
9015,Income,1143
9016,Income,1158
9017,Income,1168
9018,Income,1179
9019,Income,1185
9020,Income,1190
9021,Income,1189
9022,Income,1194
9023,Income,1206
9024,Income,1219
9025,Income,1233
9026,Income,1246
9027,Income,1260
9028,Income,1270
9029,Income,1282
9030,Income,1019
9031,Income,1023
9032,Income,1025
9033,Income,1034
9034,Income,1041
9035,Income,1046
9036,Income,1030
9037,Income,1032
9038,Income,1037
9039,Income,1045
9040,Income,1057
9041,Income,1078
9042,Income,1100
9043,Income,1117
9044,Income,1129
9045,Income,1061
9046,Income,1059
9047,Income,1063
9048,Income,1090
9049,Income,1081
9050,Income,1065
9051,Income,1091
9052,Income,1086
9053,Income,1085
9054,Income,1083
9055,Income,1091
9056,Income,1109
9057,Income,1108
9058,Income,1129
9059,Income,1162
9060,Income,1208
9061,Income,1231
9062,Income,1248
9063,Income,1258
9064,Income,1266
9065,Income,1273
9066,Income,1276
9067,Income,1280
9068,Income,1289
9069,Income,1303
9070,Income,1318
9071,Income,1329
9072,Income,1338
9073,Income,1344
9074,Income,1350
9075,Income,872
9076,Income,871
9077,Income,827
9078,Income,821
9079,Income,821
9080,Income,821
9081,Income,821
9082,Income,822
9083,Income,821
9084,Income,820
9085,Income,818
9086,Income,759
9087,Income,759
9088,Income,684
9089,Income,731
9090,Income,1144
9091,Income,1149
9092,Income,1152
9093,Income,1160
9094,Income,1166
9095,Income,1171
9096,Income,1174
9097,Income,1187
9098,Income,1222
9099,Income,1248
9100,Income,1263
9101,Income,1275
9102,Income,1294
9103,Income,1328
9104,Income,1340
9105,Income,1163
9106,Income,1147
9107,Income,1116
9108,Income,1097
9109,Income,1092
9110,Income,1071
9111,Income,1003
9112,Income,967
9113,Income,976
9114,Income,990
9115,Income,987
9116,Income,1049
9117,Income,1184
9118,Income,1308
9119,Income,1380
9120,Income,1163
9121,Income,1147
9122,Income,1116
9123,Income,1097
9124,Income,1092
9125,Income,1071
9126,Income,1003
9127,Income,967
9128,Income,976
9129,Income,990
9130,Income,987
9131,Income,1049
9132,Income,1184
9133,Income,1308
9134,Income,1380
9135,Income,1053
9136,Income,1058
9137,Income,1063
9138,Income,1067
9139,Income,1073
9140,Income,1066
9141,Income,1068
9142,Income,1070
9143,Income,1079
9144,Income,1091
9145,Income,1112
9146,Income,1126
9147,Income,1152
9148,Income,1175
9149,Income,1204
