year,id,protocol_id,index
2019,8581,Income,1035
2019,8580,Income,1006
2019,8568,Income,1037
2019,7020,Income,582
2019,7008,Income,1008
2019,7007,Income,996
2019,7006,Income,988
2019,7005,Income,994
2019,6993,Income,886
2019,6992,Income,900
2019,5805,Income,1003
2019,5806,Income,1076
2019,5807,Income,1081
2019,5808,Income,1063
2019,8567,Income,1033
2019,4905,Income,966
2019,4906,Income,1010
2019,4907,Income,1054
2019,6991,Income,908
2019,6990,Income,907
2019,6978,Income,341
2019,6977,Income,343
2019,6976,Income,354
2019,6975,Income,395
2019,6963,Income,1239
2019,5820,Income,969
2019,5821,Income,1032
2019,5822,Income,1036
2019,5823,Income,1020
2019,4908,Income,1020
2019,8987,Income,931
2019,4665,Income,1302
2019,4666,Income,1306
2019,6962,Income,1244
2019,6961,Income,1239
2019,6960,Income,1231
2019,6948,Income,837
2019,6947,Income,849
2019,6946,Income,859
2019,6945,Income,866
2019,5835,Income,1018
2019,5836,Income,1058
2019,5837,Income,1059
2019,5838,Income,1049
2019,4667,Income,1310
2019,8566,Income,1017
2019,8565,Income,965
2019,8553,Income,1052
2019,6933,Income,1023
2019,6932,Income,928
2019,6931,Income,901
2019,6930,Income,945
2019,6918,Income,1023
2019,6917,Income,1007
2019,6916,Income,1015
2019,5850,Income,946
2019,5851,Income,989
2019,5852,Income,988
2019,5853,Income,976
2019,8552,Income,1044
2019,8551,Income,1047
2019,8550,Income,1014
2019,8538,Income,1033
2019,6915,Income,959
2019,6903,Income,969
2019,6902,Income,958
2019,6901,Income,956
2019,6900,Income,916
2019,6888,Income,947
2019,6887,Income,955
2019,5865,Income,970
2019,5866,Income,967
2019,5867,Income,968
2019,5868,Income,966
2019,4920,Income,990
2019,4921,Income,1007
2019,4922,Income,1004
2019,4923,Income,994
2019,6886,Income,956
2019,6885,Income,981
2019,6873,Income,964
2019,6872,Income,941
2019,6871,Income,935
2019,6870,Income,927
2019,6858,Income,1175
2019,5880,Income,971
2019,5881,Income,990
2019,5882,Income,980
2019,5883,Income,983
2019,4668,Income,1303
2019,9107,Income,1116
2019,9106,Income,1147
2019,9105,Income,1163
2019,6857,Income,1166
2019,6856,Income,1151
2019,6855,Income,1148
2019,6843,Income,1085
2019,6842,Income,1079
2019,6841,Income,1072
2019,6840,Income,1069
2019,5895,Income,1034
2019,5896,Income,1042
2019,5897,Income,1044
2019,5898,Income,1051
2019,8537,Income,1026
2019,8536,Income,1027
2019,8535,Income,1005
2019,8523,Income,1072
2019,6828,Income,999
2019,6827,Income,991
2019,6826,Income,999
2019,6825,Income,986
2019,6813,Income,1056
2019,6812,Income,1049
2019,6811,Income,1048
2019,5910,Income,977
2019,5911,Income,993
2019,5912,Income,986
2019,5913,Income,991
2019,8522,Income,1073
2019,8521,Income,1076
2019,8520,Income,1071
2019,4935,Income,968
2019,6810,Income,1041
2019,6798,Income,998
2019,6797,Income,1000
2019,6796,Income,1003
2019,6795,Income,982
2019,6783,Income,992
2019,6782,Income,991
2019,5925,Income,1059
2019,5926,Income,1061
2019,5927,Income,1069
2019,5928,Income,1076
2019,4936,Income,979
2019,4937,Income,981
2019,4938,Income,979
2019,9093,Income,1160
2019,6781,Income,987
2019,6780,Income,990
2019,6768,Income,976
2019,6767,Income,977
2019,6766,Income,981
2019,6765,Income,950
2019,6753,Income,1023
2019,5940,Income,1149
2019,5941,Income,1152
2019,5942,Income,1169
2019,5943,Income,1179
2019,8986,Income,931
2019,8985,Income,931
2019,8973,Income,1184
2019,8508,Income,1084
2019,6752,Income,1017
2019,6751,Income,1027
2019,6750,Income,992
2019,6738,Income,1014
2019,6737,Income,1032
2019,6736,Income,1014
2019,6735,Income,956
2019,5955,Income,913
2019,5956,Income,926
2019,5957,Income,931
2019,5958,Income,948
2019,8507,Income,1082
2019,8506,Income,1084
2019,8505,Income,1078
2019,8493,Income,1299
2019,6723,Income,1050
2019,6722,Income,1055
2019,6721,Income,1051
2019,6720,Income,1013
2019,6708,Income,1017
2019,6707,Income,1020
2019,6706,Income,1019
2019,5970,Income,978
2019,5971,Income,947
2019,5972,Income,951
2019,5973,Income,944
2019,8492,Income,1299
2019,8491,Income,1240
2019,4950,Income,980
2019,4951,Income,979
2019,6705,Income,990
2019,6693,Income,1078
2019,6692,Income,1080
2019,6691,Income,1082
2019,6690,Income,1077
2019,6678,Income,1086
2019,6677,Income,1085
2019,5985,Income,906
2019,5986,Income,947
2019,5987,Income,948
2019,5988,Income,959
2019,4952,Income,975
2019,4953,Income,975
2019,8972,Income,1184
2019,8971,Income,1184
2019,6676,Income,1087
2019,6675,Income,1081
2019,6663,Income,1300
2019,6662,Income,1300
2019,6661,Income,1239
2019,6660,Income,1239
2019,6648,Income,1276
2019,6000,Income,954
2019,6001,Income,1010
2019,6002,Income,1002
2019,6003,Income,1018
2019,8970,Income,1184
2019,8958,Income,1106
2019,8490,Income,1240
2019,8478,Income,1281
2019,6647,Income,1275
2019,6646,Income,1215
2019,6645,Income,1215
2019,6633,Income,1150
2019,6632,Income,1145
2019,6631,Income,1135
2019,6630,Income,1125
2019,6015,Income,938
2019,6016,Income,902
2019,6017,Income,925
2019,6018,Income,1007
2019,8477,Income,1280
2019,8476,Income,1222
2019,8475,Income,1222
2019,8463,Income,1163
2019,6618,Income,1136
2019,6617,Income,1126
2019,6616,Income,1117
2019,6615,Income,1106
2019,6603,Income,1136
2019,6602,Income,1126
2019,6601,Income,1117
2019,6030,Income,908
2019,6031,Income,901
2019,6032,Income,892
2019,6033,Income,879
2019,8462,Income,1158
2019,4965,Income,967
2019,4966,Income,985
2019,4967,Income,976
2019,6600,Income,1106
2019,6588,Income,1151
2019,6587,Income,1144
2019,6586,Income,1129
2019,6585,Income,1121
2019,6573,Income,991
2019,6572,Income,998
2019,6045,Income,1232
2019,6046,Income,1236
2019,6047,Income,1247
2019,6048,Income,1245
2019,4968,Income,985
2019,4680,Income,1032
2019,4681,Income,1038
2019,4682,Income,1044
2019,6571,Income,1003
2019,6570,Income,999
2019,6558,Income,1002
2019,6557,Income,988
2019,6556,Income,996
2019,6555,Income,987
2019,6543,Income,1000
2019,6060,Income,451
2019,6061,Income,402
2019,6062,Income,390
2019,6063,Income,386
2019,4683,Income,1033
2019,8461,Income,1145
2019,8460,Income,1139
2019,8448,Income,1140
2019,6542,Income,989
2019,6541,Income,997
2019,6540,Income,988
2019,6528,Income,1628
2019,6527,Income,1628
2019,6526,Income,1628
2019,6525,Income,1626
2019,6075,Income,943
2019,6076,Income,945
2019,6077,Income,936
2019,6078,Income,922
2019,8447,Income,1131
2019,8446,Income,1123
2019,8445,Income,1112
2019,8433,Income,1140
2019,6513,Income,1029
2019,6512,Income,1039
2019,6511,Income,1034
2019,6510,Income,1027
2019,6498,Income,1247
2019,6497,Income,1253
2019,6496,Income,1250
2019,6090,Income,1010
2019,6091,Income,1008
2019,6092,Income,1014
2019,6093,Income,1026
2019,4980,Income,1026
2019,4981,Income,1031
2019,4982,Income,1033
2019,4983,Income,1040
2019,6495,Income,1245
2019,6483,Income,1144
2019,6482,Income,1136
2019,6481,Income,1128
2019,6480,Income,1112
2019,6468,Income,1038
2019,6467,Income,1053
2019,6105,Income,575
2019,6106,Income,532
2019,6107,Income,540
2019,6108,Income,537
2019,9092,Income,1152
2019,4605,Income,1029
2019,4606,Income,1034
2019,4607,Income,1066
2019,6466,Income,1035
2019,6465,Income,1028
2019,6453,Income,1007
2019,6452,Income,1006
2019,6451,Income,999
2019,6450,Income,997
2019,6438,Income,1075
2019,6120,Income,1085
2019,6121,Income,1096
2019,6122,Income,1109
2019,6123,Income,1107
2019,8432,Income,1131
2019,8431,Income,1123
2019,8430,Income,1112
2019,8418,Income,1165
2019,6437,Income,1063
2019,6436,Income,1030
2019,6435,Income,1024
2019,6423,Income,1002
2019,6422,Income,1060
2019,6421,Income,1039
2019,6420,Income,1048
2019,6135,Income,1022
2019,6136,Income,1033
2019,6137,Income,1031
2019,6138,Income,1037
2019,8417,Income,1161
2019,8416,Income,1141
2019,8415,Income,1136
2019,4995,Income,990
2019,6408,Income,1048
2019,6407,Income,1053
2019,6406,Income,1039
2019,6405,Income,1035
2019,6393,Income,1077
2019,6392,Income,1074
2019,6391,Income,1067
2019,6150,Income,1028
2019,6151,Income,1040
2019,6152,Income,1050
2019,6153,Income,1048
2019,4996,Income,1001
2019,4997,Income,993
2019,4998,Income,1000
2019,8957,Income,1106
2019,6390,Income,1060
2019,6378,Income,1061
2019,6377,Income,1083
2019,6376,Income,1112
2019,6375,Income,1125
2019,6363,Income,1061
2019,6362,Income,1083
2019,6165,Income,1205
2019,6166,Income,1222
2019,6167,Income,1227
2019,6168,Income,1262
2019,8956,Income,1078
2019,8955,Income,1078
2019,8943,Income,1069
2019,8403,Income,1027
2019,6361,Income,1112
2019,6360,Income,1125
2019,6348,Income,1141
2019,6347,Income,1139
2019,6346,Income,1133
2019,6345,Income,1126
2019,6333,Income,770
2019,6180,Income,1241
2019,6181,Income,1207
2019,6182,Income,1226
2019,6183,Income,1289
2019,8402,Income,1024
2019,8401,Income,1033
2019,8400,Income,1026
2019,8388,Income,998
2019,6332,Income,781
2019,6331,Income,814
2019,6330,Income,817
2019,6318,Income,1259
2019,6317,Income,1249
2019,6316,Income,1232
2019,6315,Income,1208
2019,6195,Income,1003
2019,6196,Income,1003
2019,6197,Income,1008
2019,6198,Income,1008
2019,8387,Income,982
2019,8386,Income,985
2019,5010,Income,1046
2019,5011,Income,1048
2019,6303,Income,1070
2019,6302,Income,1047
2019,6301,Income,1048
2019,6300,Income,1052
2019,4575,Income,1027
2019,6288,Income,1002
2019,6287,Income,992
2019,6210,Income,1086
2019,6211,Income,1086
2019,6212,Income,1114
2019,6213,Income,1114
2019,5012,Income,1056
2019,5013,Income,1063
2019,8942,Income,1069
2019,8941,Income,1062
2019,6286,Income,993
2019,6285,Income,990
2019,6273,Income,1159
2019,6272,Income,1150
2019,6271,Income,1141
2019,6270,Income,1126
2019,6258,Income,1163
2019,6225,Income,1142
2019,6226,Income,1142
2019,6227,Income,1142
2019,6228,Income,1142
2019,8940,Income,1062
2019,4695,Income,1626
2019,8385,Income,977
2019,8373,Income,1004
2019,6257,Income,1163
2019,6256,Income,1163
2019,6255,Income,1163
2019,6243,Income,912
2019,6242,Income,912
2019,6241,Income,912
2019,6240,Income,912
2019,8372,Income,990
2019,8371,Income,994
2019,8370,Income,986
2019,8358,Income,1641
2019,8357,Income,1641
2019,5025,Income,1157
2019,5026,Income,1160
2019,5027,Income,1187
2019,5028,Income,1199
2019,4696,Income,1627
2019,4697,Income,1627
2019,4698,Income,1627
2019,4608,Income,1083
2019,8356,Income,1641
2019,8355,Income,1640
2019,8343,Income,1035
2019,8342,Income,1043
2019,8341,Income,1040
2019,8340,Income,1032
2019,8328,Income,1164
2019,5040,Income,897
2019,5041,Income,912
2019,5042,Income,919
2019,5043,Income,936
2019,9137,Income,1063
2019,9136,Income,1058
2019,9135,Income,1053
2019,8928,Income,1293
2019,8327,Income,1170
2019,8326,Income,1168
2019,8325,Income,1161
2019,8313,Income,1133
2019,8312,Income,1126
2019,8311,Income,1118
2019,8310,Income,1104
2019,5055,Income,992
2019,5056,Income,964
2019,5057,Income,965
2019,5058,Income,958
2019,8927,Income,1238
2019,8926,Income,1222
2019,8925,Income,1248
2019,8913,Income,1228
2019,8298,Income,1031
2019,8297,Income,1047
2019,8296,Income,1028
2019,8295,Income,1023
2019,8283,Income,1009
2019,8282,Income,1009
2019,8281,Income,1003
2019,5070,Income,883
2019,5071,Income,922
2019,5072,Income,926
2019,5073,Income,937
2019,8912,Income,1188
2019,8911,Income,1190
2019,4710,Income,1011
2019,4711,Income,1019
2019,8280,Income,1001
2019,8268,Income,1065
2019,8267,Income,1053
2019,8266,Income,1017
2019,8265,Income,1018
2019,8253,Income,989
2019,8252,Income,1073
2019,5085,Income,950
2019,5086,Income,1007
2019,5087,Income,1000
2019,5088,Income,1016
2019,4712,Income,1010
2019,4713,Income,1019
2019,9123,Income,1097
2019,9091,Income,1149
2019,8251,Income,1052
2019,8250,Income,1032
2019,8238,Income,1052
2019,8237,Income,1062
2019,8236,Income,1047
2019,8235,Income,1039
2019,8223,Income,1073
2019,5100,Income,921
2019,5101,Income,892
2019,5102,Income,915
2019,5103,Income,980
2019,9090,Income,1144
2019,9078,Income,821
2019,8910,Income,1184
2019,8898,Income,1072
2019,8222,Income,1070
2019,8221,Income,1064
2019,8220,Income,1059
2019,8208,Income,1085
2019,8207,Income,1105
2019,8206,Income,1135
2019,8205,Income,1150
2019,5115,Income,966
2019,5116,Income,966
2019,5117,Income,955
2019,5118,Income,942
2019,8897,Income,1067
2019,8896,Income,1055
2019,8895,Income,1052
2019,8883,Income,1046
2019,8193,Income,1085
2019,8192,Income,1105
2019,8191,Income,1135
2019,8190,Income,1150
2019,8178,Income,1131
2019,8177,Income,1126
2019,8176,Income,1123
2019,5130,Income,1230
2019,5131,Income,1234
2019,5132,Income,1247
2019,5133,Income,1245
2019,8882,Income,1035
2019,4725,Income,998
2019,4726,Income,1007
2019,4727,Income,998
2019,8175,Income,1116
2019,8163,Income,827
2019,8162,Income,833
2019,8161,Income,877
2019,8160,Income,878
2019,8148,Income,1250
2019,8147,Income,1241
2019,5145,Income,420
2019,5146,Income,390
2019,5147,Income,380
2019,5148,Income,380
2019,4728,Income,1009
2019,9077,Income,827
2019,9076,Income,871
2019,9075,Income,872
2019,8146,Income,1224
2019,8145,Income,1201
2019,8133,Income,1141
2019,8132,Income,1090
2019,8131,Income,1081
2019,8130,Income,1086
2019,8118,Income,1017
2019,5160,Income,987
2019,5161,Income,989
2019,5162,Income,978
2019,5163,Income,964
2019,9063,Income,1258
2019,8881,Income,1038
2019,8880,Income,1030
2019,8868,Income,1059
2019,8117,Income,1008
2019,8116,Income,1008
2019,8115,Income,1005
2019,8103,Income,1167
2019,8102,Income,1156
2019,8101,Income,1147
2019,8100,Income,1132
2019,5175,Income,1029
2019,5176,Income,1031
2019,5177,Income,1042
2019,5178,Income,1054
2019,8867,Income,1064
2019,8866,Income,1057
2019,8865,Income,1051
2019,8853,Income,546
2019,8088,Income,1158
2019,8087,Income,1158
2019,8086,Income,1158
2019,8085,Income,1158
2019,8073,Income,959
2019,8072,Income,959
2019,8071,Income,959
2019,5190,Income,590
2019,5191,Income,541
2019,5192,Income,545
2019,5193,Income,544
2019,4740,Income,1062
2019,4741,Income,1068
2019,4742,Income,1059
2019,4743,Income,1058
2019,8070,Income,959
2019,8058,Income,1190
2019,8057,Income,1190
2019,8056,Income,1190
2019,8055,Income,1190
2019,8043,Income,1161
2019,8042,Income,1161
2019,5205,Income,1018
2019,5206,Income,1053
2019,5207,Income,1038
2019,5208,Income,1028
2019,4620,Income,996
2019,4621,Income,997
2019,4622,Income,1003
2019,4623,Income,1006
2019,8041,Income,1096
2019,8040,Income,1096
2019,8028,Income,1074
2019,8027,Income,1074
2019,8026,Income,1057
2019,8025,Income,1057
2019,8013,Income,1296
2019,5220,Income,1053
2019,5221,Income,1063
2019,5222,Income,1064
2019,5223,Income,1073
2019,8852,Income,545
2019,8851,Income,534
2019,8850,Income,581
2019,8838,Income,1028
2019,8012,Income,1242
2019,8011,Income,1226
2019,8010,Income,1245
2019,7998,Income,1228
2019,7997,Income,1200
2019,7996,Income,1178
2019,7995,Income,1166
2019,5235,Income,1010
2019,5236,Income,1023
2019,5237,Income,1034
2019,5238,Income,1029
2019,8837,Income,1008
2019,8836,Income,1000
2019,8835,Income,1009
2019,4755,Income,1121
2019,7983,Income,1073
2019,7982,Income,1071
2019,7981,Income,1058
2019,7980,Income,1050
2019,7968,Income,1027
2019,7967,Income,1020
2019,7966,Income,1024
2019,5250,Income,1244
2019,5251,Income,1258
2019,5252,Income,1281
2019,5253,Income,1311
2019,4756,Income,1130
2019,4757,Income,1145
2019,4758,Income,1151
2019,9122,Income,1116
2019,7965,Income,1016
2019,7953,Income,1102
2019,7952,Income,1104
2019,7951,Income,1103
2019,7950,Income,1079
2019,7938,Income,555
2019,7937,Income,559
2019,5265,Income,1236
2019,5266,Income,1232
2019,5267,Income,1259
2019,5268,Income,1324
2019,9121,Income,1147
2019,4590,Income,1065
2019,4591,Income,1053
2019,8823,Income,853
2019,7936,Income,552
2019,7935,Income,596
2019,7923,Income,1023
2019,7922,Income,1010
2019,7921,Income,1001
2019,7920,Income,1005
2019,7908,Income,869
2019,5280,Income,991
2019,5281,Income,991
2019,5282,Income,994
2019,5283,Income,994
2019,8822,Income,870
2019,8821,Income,876
2019,8820,Income,876
2019,8808,Income,360
2019,7907,Income,885
2019,7906,Income,893
2019,7905,Income,892
2019,7893,Income,350
2019,7892,Income,351
2019,7891,Income,361
2019,7890,Income,398
2019,5295,Income,1088
2019,5296,Income,1088
2019,5297,Income,1114
2019,5298,Income,1114
2019,8807,Income,361
2019,8806,Income,372
2019,4770,Income,1115
2019,4771,Income,1127
2019,7878,Income,1187
2019,7877,Income,1191
2019,7876,Income,1189
2019,7875,Income,1183
2019,7863,Income,805
2019,7862,Income,818
2019,7861,Income,827
2019,5310,Income,1149
2019,5311,Income,1149
2019,5312,Income,1149
2019,5313,Income,1149
2019,4772,Income,1137
2019,4773,Income,1148
2019,9062,Income,1248
2019,9061,Income,1231
2019,7860,Income,837
2019,7848,Income,972
2019,7847,Income,898
2019,7846,Income,866
2019,7845,Income,908
2019,7833,Income,1017
2019,7832,Income,1004
2019,5325,Income,916
2019,5326,Income,916
2019,5327,Income,916
2019,5328,Income,916
2019,9060,Income,1208
2019,9048,Income,1090
2019,8805,Income,414
2019,8793,Income,1220
2019,7831,Income,1012
2019,7830,Income,955
2019,7818,Income,974
2019,7817,Income,964
2019,7816,Income,963
2019,7815,Income,924
2019,7803,Income,944
2019,5340,Income,1170
2019,5341,Income,1170
2019,5342,Income,1170
2019,5343,Income,1170
2019,8792,Income,1228
2019,8791,Income,1236
2019,8790,Income,1224
2019,8778,Income,809
2019,7802,Income,952
2019,7801,Income,957
2019,7800,Income,976
2019,7788,Income,957
2019,7787,Income,939
2019,7786,Income,933
2019,7785,Income,924
2019,5355,Income,1132
2019,5356,Income,1146
2019,5357,Income,1155
2019,5358,Income,1164
2019,8777,Income,822
2019,4785,Income,1115
2019,4786,Income,1127
2019,4787,Income,1137
2019,7773,Income,1178
2019,7772,Income,1168
2019,7771,Income,1153
2019,7770,Income,1149
2019,7758,Income,1106
2019,7757,Income,1100
2019,7756,Income,1093
2019,5370,Income,979
2019,5371,Income,981
2019,5372,Income,981
2019,5373,Income,992
2019,4788,Income,1148
2019,9047,Income,1063
2019,9046,Income,1059
2019,9045,Income,1061
2019,7755,Income,1089
2019,7743,Income,1013
2019,7742,Income,1005
2019,7741,Income,1009
2019,7740,Income,1005
2019,7728,Income,1082
2019,7727,Income,1075
2019,5385,Income,1064
2019,5386,Income,1049
2019,5387,Income,1059
2019,5388,Income,1092
2019,4635,Income,1024
2019,8776,Income,831
2019,8775,Income,842
2019,8763,Income,943
2019,7726,Income,1072
2019,7725,Income,1068
2019,7713,Income,1010
2019,7712,Income,1006
2019,7711,Income,1013
2019,7710,Income,994
2019,7698,Income,991
2019,5400,Income,1222
2019,5401,Income,1246
2019,5402,Income,1263
2019,5403,Income,1272
2019,8762,Income,879
2019,8761,Income,858
2019,8760,Income,890
2019,8748,Income,1027
2019,7697,Income,991
2019,7696,Income,985
2019,7695,Income,993
2019,7683,Income,915
2019,7682,Income,929
2019,7681,Income,933
2019,7680,Income,882
2019,5415,Income,813
2019,5416,Income,810
2019,5417,Income,774
2019,5418,Income,764
2019,4800,Income,1134
2019,4801,Income,1143
2019,4802,Income,1154
2019,4803,Income,1160
2019,7668,Income,1011
2019,7667,Income,1003
2019,7666,Income,1018
2019,7665,Income,993
2019,7653,Income,1017
2019,7652,Income,1032
2019,7651,Income,1021
2019,5430,Income,1190
2019,5431,Income,1190
2019,5432,Income,1204
2019,5433,Income,1208
2019,4636,Income,1028
2019,4637,Income,1045
2019,4638,Income,1028
2019,4592,Income,1072
2019,7650,Income,965
2019,7638,Income,1051
2019,7637,Income,1050
2019,7636,Income,1051
2019,7635,Income,1017
2019,7623,Income,1010
2019,7622,Income,1010
2019,5445,Income,1114
2019,5446,Income,1103
2019,5447,Income,1076
2019,5448,Income,1051
2019,8747,Income,1009
2019,8746,Income,1017
2019,8745,Income,963
2019,8733,Income,998
2019,7621,Income,1013
2019,7620,Income,987
2019,7608,Income,1077
2019,7607,Income,1079
2019,7606,Income,1081
2019,7605,Income,1077
2019,7593,Income,1085
2019,5460,Income,1114
2019,5461,Income,1103
2019,5462,Income,1076
2019,5463,Income,1051
2019,8732,Income,987
2019,8731,Income,986
2019,8730,Income,948
2019,4815,Income,1225
2019,7592,Income,1084
2019,7591,Income,1086
2019,7590,Income,1080
2019,7578,Income,1303
2019,7577,Income,1303
2019,7576,Income,1243
2019,7575,Income,1243
2019,5475,Income,1062
2019,5476,Income,1069
2019,5477,Income,1078
2019,5478,Income,1082
2019,4816,Income,1225
2019,4817,Income,1286
2019,4818,Income,1287
2019,4593,Income,1033
2019,7563,Income,1283
2019,7562,Income,1282
2019,7561,Income,1222
2019,7560,Income,1222
2019,7548,Income,1168
2019,7547,Income,1162
2019,7546,Income,1152
2019,5490,Income,1030
2019,5491,Income,1032
2019,5492,Income,1047
2019,5493,Income,1042
2019,4577,Income,1043
2019,4578,Income,1041
2019,9033,Income,1034
2019,8718,Income,940
2019,7545,Income,1143
2019,7533,Income,1140
2019,7532,Income,1130
2019,7531,Income,1121
2019,7530,Income,1110
2019,7518,Income,1140
2019,7517,Income,1130
2019,5505,Income,1044
2019,5506,Income,1033
2019,5507,Income,1049
2019,5508,Income,999
2019,8717,Income,946
2019,8716,Income,951
2019,8715,Income,971
2019,8703,Income,966
2019,7516,Income,1121
2019,7515,Income,1110
2019,7503,Income,1158
2019,7502,Income,1153
2019,7501,Income,1135
2019,7500,Income,1128
2019,7488,Income,1032
2019,5520,Income,1015
2019,5521,Income,1019
2019,5522,Income,1054
2019,5523,Income,1067
2019,8702,Income,945
2019,8701,Income,940
2019,4830,Income,1241
2019,4831,Income,1241
2019,7487,Income,1027
2019,7486,Income,1044
2019,7485,Income,1034
2019,7473,Income,1011
2019,7472,Income,1001
2019,7471,Income,1008
2019,7470,Income,999
2019,5535,Income,998
2019,5536,Income,999
2019,5537,Income,1005
2019,5538,Income,1007
2019,4832,Income,1303
2019,4833,Income,1303
2019,9032,Income,1025
2019,9031,Income,1023
2019,7458,Income,1016
2019,7457,Income,1007
2019,7456,Income,1016
2019,7455,Income,1007
2019,7443,Income,1633
2019,7442,Income,1633
2019,7441,Income,1632
2019,5550,Income,1025
2019,5551,Income,1032
2019,5552,Income,1050
2019,5553,Income,1034
2019,9030,Income,1019
2019,9018,Income,1179
2019,8700,Income,935
2019,8688,Income,1167
2019,7440,Income,1632
2019,7428,Income,1035
2019,7427,Income,1043
2019,7426,Income,1039
2019,7425,Income,1032
2019,7413,Income,1240
2019,7412,Income,1246
2019,5565,Income,1114
2019,5566,Income,1130
2019,5567,Income,1138
2019,5568,Income,1146
2019,8687,Income,1159
2019,8686,Income,1148
2019,8685,Income,1144
2019,8673,Income,1102
2019,7411,Income,1243
2019,7410,Income,1238
2019,7398,Income,1141
2019,7397,Income,1134
2019,7396,Income,1126
2019,7395,Income,1111
2019,7383,Income,1042
2019,5580,Income,1295
2019,5581,Income,1298
2019,5582,Income,1302
2019,5583,Income,1295
2019,8672,Income,1097
2019,4845,Income,1077
2019,4846,Income,1083
2019,4847,Income,1081
2019,7382,Income,1056
2019,7381,Income,1039
2019,7380,Income,1032
2019,7368,Income,1011
2019,7367,Income,1008
2019,7366,Income,1002
2019,7365,Income,1001
2019,5595,Income,1030
2019,5596,Income,1035
2019,5597,Income,1041
2019,5598,Income,1029
2019,4848,Income,1081
2019,9017,Income,1168
2019,9016,Income,1158
2019,4650,Income,1112
2019,7353,Income,1067
2019,7352,Income,1053
2019,7351,Income,1017
2019,7350,Income,1016
2019,7338,Income,998
2019,7337,Income,1069
2019,7336,Income,1054
2019,5610,Income,1631
2019,5611,Income,1632
2019,5612,Income,1632
2019,5613,Income,1632
2019,4651,Income,1128
2019,8671,Income,1090
2019,8670,Income,1085
2019,8658,Income,1000
2019,7335,Income,1044
2019,7323,Income,1052
2019,7322,Income,1058
2019,7321,Income,1045
2019,7320,Income,1038
2019,7308,Income,1068
2019,7307,Income,1064
2019,5625,Income,1015
2019,5626,Income,1026
2019,5627,Income,1015
2019,5628,Income,1020
2019,8657,Income,994
2019,8656,Income,1002
2019,8655,Income,984
2019,8643,Income,1074
2019,7306,Income,1058
2019,7305,Income,1052
2019,7293,Income,1068
2019,7292,Income,1088
2019,7291,Income,1117
2019,7290,Income,1133
2019,7278,Income,1068
2019,5640,Income,1012
2019,5641,Income,1023
2019,5642,Income,1013
2019,5643,Income,1018
2019,4860,Income,1075
2019,4861,Income,1080
2019,4862,Income,1077
2019,4863,Income,1076
2019,7277,Income,1088
2019,7276,Income,1117
2019,7275,Income,1133
2019,7263,Income,1091
2019,7262,Income,1088
2019,7261,Income,1086
2019,7260,Income,1083
2019,5655,Income,1033
2019,5656,Income,1042
2019,5657,Income,1029
2019,5658,Income,1032
2019,4652,Income,1136
2019,4653,Income,1144
2019,4576,Income,1029
2019,9138,Income,1067
2019,7248,Income,812
2019,7247,Income,820
2019,7246,Income,851
2019,7245,Income,853
2019,7233,Income,1243
2019,7232,Income,1233
2019,7231,Income,1216
2019,5670,Income,1122
2019,5671,Income,1131
2019,5672,Income,1146
2019,5673,Income,1152
2019,8642,Income,1068
2019,8641,Income,1066
2019,8640,Income,1057
2019,8628,Income,1029
2019,7230,Income,1194
2019,7218,Income,1146
2019,7217,Income,1096
2019,7216,Income,1086
2019,7215,Income,1086
2019,7203,Income,1004
2019,7202,Income,994
2019,5685,Income,1110
2019,5686,Income,1122
2019,5687,Income,1131
2019,5688,Income,1142
2019,8627,Income,1027
2019,8626,Income,1030
2019,8625,Income,1011
2019,4875,Income,982
2019,7201,Income,995
2019,7200,Income,992
2019,7188,Income,1151
2019,7187,Income,1140
2019,7186,Income,1131
2019,7185,Income,1117
2019,7173,Income,1145
2019,5700,Income,1110
2019,5701,Income,1122
2019,5702,Income,1131
2019,5703,Income,1142
2019,4876,Income,1001
2019,4877,Income,1002
2019,4878,Income,997
2019,9120,Income,1163
2019,7172,Income,1145
2019,7171,Income,1145
2019,7170,Income,1145
2019,7158,Income,932
2019,7157,Income,932
2019,7156,Income,932
2019,7155,Income,932
2019,5715,Income,1144
2019,5716,Income,1153
2019,5717,Income,1165
2019,5718,Income,1173
2019,9108,Income,1097
2019,9015,Income,1143
2019,9003,Income,1134
2019,8613,Income,1002
2019,7143,Income,1183
2019,7142,Income,1183
2019,7141,Income,1183
2019,7140,Income,1183
2019,7128,Income,1093
2019,7127,Income,1093
2019,7126,Income,1069
2019,5730,Income,1218
2019,5731,Income,1218
2019,5732,Income,1279
2019,5733,Income,1279
2019,8612,Income,1000
2019,8611,Income,994
2019,8610,Income,1000
2019,8598,Income,958
2019,7125,Income,1069
2019,7113,Income,1058
2019,7112,Income,1058
2019,7111,Income,1050
2019,7110,Income,1050
2019,7098,Income,1287
2019,7097,Income,1220
2019,5745,Income,1239
2019,5746,Income,1239
2019,5747,Income,1300
2019,5748,Income,1300
2019,8597,Income,944
2019,8596,Income,947
2019,4890,Income,1002
2019,4891,Income,1030
2019,7096,Income,1201
2019,7095,Income,1239
2019,7083,Income,1226
2019,7082,Income,1209
2019,7081,Income,1193
2019,7080,Income,1157
2019,7068,Income,1058
2019,5760,Income,1079
2019,5761,Income,1085
2019,5762,Income,1083
2019,5763,Income,1084
2019,4892,Income,1031
2019,4893,Income,1027
2019,9002,Income,1134
2019,9001,Income,1134
2019,7067,Income,1056
2019,7066,Income,1045
2019,7065,Income,1040
2019,7053,Income,1034
2019,7052,Income,1024
2019,7051,Income,1032
2019,7050,Income,1026
2019,5775,Income,1075
2019,5776,Income,1080
2019,5777,Income,1078
2019,5778,Income,1076
2019,9000,Income,1134
2019,8988,Income,931
2019,8595,Income,939
2019,8583,Income,1036
2019,7038,Income,1081
2019,7037,Income,1083
2019,7036,Income,1083
2019,7035,Income,1071
2019,7023,Income,548
2019,7022,Income,546
2019,7021,Income,535
2019,5790,Income,993
2019,5791,Income,1031
2019,5792,Income,1030
2019,5793,Income,1022
2019,8582,Income,1023
2020,6291,Income,991
2020,4579,Income,1062
2020,4580,Income,1069
2020,4581,Income,1078
2020,4582,Income,1061
2020,4594,Income,1075
2020,4595,Income,1108
2020,4596,Income,1202
2020,4597,Income,1096
2020,4609,Income,1100
2020,4610,Income,1084
2020,4611,Income,1091
2020,4612,Income,1085
2020,4624,Income,1025
2020,4625,Income,1030
2020,4626,Income,1015
2020,4627,Income,1013
2020,4639,Income,1048
2020,4640,Income,1047
2020,4641,Income,1045
2020,4642,Income,1039
2020,4654,Income,1155
2020,4655,Income,1171
2020,4656,Income,1181
2020,4657,Income,1187
2020,4669,Income,1385
2020,4670,Income,1389
2020,4671,Income,1391
2020,4672,Income,1396
2020,4684,Income,1044
2020,4685,Income,1057
2020,4686,Income,1057
2020,4687,Income,1058
2020,4699,Income,1809
2020,4700,Income,1799
2020,4701,Income,1803
2020,4702,Income,1812
2020,4714,Income,1019
2020,4715,Income,982
2020,4716,Income,991
2020,4717,Income,1007
2020,4729,Income,1011
2020,4730,Income,994
2020,4731,Income,1003
2020,4732,Income,1018
2020,4744,Income,1048
2020,4745,Income,931
2020,4746,Income,946
2020,4747,Income,973
2020,4759,Income,1164
2020,4760,Income,1171
2020,4761,Income,1181
2020,4762,Income,1182
2020,4774,Income,1164
2020,4775,Income,1174
2020,4776,Income,1180
2020,4777,Income,1188
2020,4789,Income,1164
2020,4790,Income,1174
2020,4791,Income,1180
2020,4792,Income,1188
2020,4804,Income,1169
2020,4805,Income,1182
2020,4806,Income,1189
2020,4807,Income,1195
2020,4819,Income,1287
2020,4820,Income,1287
2020,4821,Income,1325
2020,4822,Income,1325
2020,4834,Income,1303
2020,4835,Income,1303
2020,4836,Income,1342
2020,4837,Income,1342
2020,4849,Income,1095
2020,4850,Income,1098
2020,4851,Income,1099
2020,4852,Income,1086
2020,4864,Income,1091
2020,4865,Income,1094
2020,4866,Income,1094
2020,4867,Income,1081
2020,4879,Income,986
2020,4880,Income,984
2020,4881,Income,1003
2020,4882,Income,1015
2020,4894,Income,1004
2020,4895,Income,1006
2020,4896,Income,1010
2020,4897,Income,1067
2020,4909,Income,1020
2020,4910,Income,1022
2020,4911,Income,1052
2020,4912,Income,1076
2020,4924,Income,965
2020,4925,Income,952
2020,4926,Income,1010
2020,4927,Income,1005
2020,4939,Income,991
2020,4940,Income,994
2020,4941,Income,1041
2020,4942,Income,1043
2020,4954,Income,969
2020,4955,Income,967
2020,4956,Income,974
2020,4957,Income,974
2020,4969,Income,989
2020,4970,Income,999
2020,4971,Income,993
2020,4972,Income,984
2020,4984,Income,1043
2020,4985,Income,1050
2020,4986,Income,1053
2020,4987,Income,1055
2020,4999,Income,1005
2020,5000,Income,1012
2020,5001,Income,1004
2020,5002,Income,999
2020,5014,Income,1064
2020,5015,Income,1071
2020,5016,Income,1084
2020,5017,Income,1092
2020,5029,Income,1199
2020,5030,Income,1199
2020,5031,Income,1221
2020,5032,Income,1233
2020,5044,Income,923
2020,5045,Income,860
2020,5046,Income,871
2020,5047,Income,887
2020,5059,Income,971
2020,5060,Income,960
2020,5061,Income,966
2020,5062,Income,1003
2020,5074,Income,923
2020,5075,Income,844
2020,5076,Income,854
2020,5077,Income,857
2020,5089,Income,990
2020,5090,Income,872
2020,5091,Income,887
2020,5092,Income,891
2020,5104,Income,941
2020,5105,Income,885
2020,5106,Income,908
2020,5107,Income,963
2020,5119,Income,936
2020,5120,Income,934
2020,5121,Income,928
2020,5122,Income,924
2020,5134,Income,1246
2020,5135,Income,1248
2020,5136,Income,1253
2020,5137,Income,1253
2020,5149,Income,398
2020,5150,Income,424
2020,5151,Income,361
2020,5152,Income,390
2020,5164,Income,956
2020,5165,Income,953
2020,5166,Income,954
2020,5167,Income,945
2020,5179,Income,1053
2020,5180,Income,1044
2020,5181,Income,1049
2020,5182,Income,1081
2020,5194,Income,498
2020,5195,Income,476
2020,5196,Income,498
2020,5197,Income,514
2020,5209,Income,1039
2020,5210,Income,1036
2020,5211,Income,1042
2020,5212,Income,1042
2020,5224,Income,1076
2020,5225,Income,1088
2020,5226,Income,1079
2020,5227,Income,1098
2020,5239,Income,1031
2020,5240,Income,1018
2020,5241,Income,1031
2020,5242,Income,1041
2020,5254,Income,1309
2020,5255,Income,1327
2020,5256,Income,1319
2020,5257,Income,1363
2020,5269,Income,1383
2020,5270,Income,1297
2020,5271,Income,1269
2020,5272,Income,1506
2020,5284,Income,973
2020,5285,Income,973
2020,5286,Income,980
2020,5287,Income,982
2020,5299,Income,1114
2020,5300,Income,1114
2020,5301,Income,1146
2020,5302,Income,1152
2020,5314,Income,1026
2020,5315,Income,1026
2020,5316,Income,1026
2020,5317,Income,1026
2020,5329,Income,923
2020,5330,Income,923
2020,5331,Income,923
2020,5332,Income,923
2020,5344,Income,1143
2020,5345,Income,1143
2020,5346,Income,1143
2020,5347,Income,1143
2020,5359,Income,1170
2020,5360,Income,1176
2020,5361,Income,1176
2020,5362,Income,1181
2020,5374,Income,999
2020,5375,Income,1003
2020,5376,Income,985
2020,5377,Income,987
2020,5389,Income,1083
2020,5390,Income,1066
2020,5391,Income,1099
2020,5392,Income,1100
2020,5404,Income,1277
2020,5405,Income,1284
2020,5406,Income,1285
2020,5407,Income,1287
2020,5419,Income,764
2020,5420,Income,764
2020,5421,Income,764
2020,5422,Income,765
2020,5434,Income,1216
2020,5435,Income,1230
2020,5436,Income,1241
2020,5437,Income,1253
2020,5449,Income,1046
2020,5450,Income,1023
2020,5451,Income,962
2020,5452,Income,929
2020,5464,Income,1046
2020,5465,Income,1023
2020,5466,Income,962
2020,5467,Income,929
2020,5479,Income,1091
2020,5480,Income,1086
2020,5481,Income,1091
2020,5482,Income,1092
2020,5494,Income,1065
2020,5495,Income,1074
2020,5496,Income,1085
2020,5497,Income,1066
2020,5509,Income,1050
2020,5510,Income,1089
2020,5511,Income,1209
2020,5512,Income,1077
2020,5524,Income,1086
2020,5525,Income,1067
2020,5526,Income,1069
2020,5527,Income,1067
2020,5539,Income,1028
2020,5540,Income,1034
2020,5541,Income,1018
2020,5542,Income,1016
2020,5554,Income,1052
2020,5555,Income,1057
2020,5556,Income,1055
2020,5557,Income,1050
2020,5569,Income,1157
2020,5570,Income,1173
2020,5571,Income,1182
2020,5572,Income,1188
2020,5584,Income,1377
2020,5585,Income,1383
2020,5586,Income,1386
2020,5587,Income,1391
2020,5599,Income,1040
2020,5600,Income,1055
2020,5601,Income,1057
2020,5602,Income,1060
2020,5614,Income,1809
2020,5615,Income,1802
2020,5616,Income,1806
2020,5617,Income,1816
2020,5629,Income,1018
2020,5630,Income,988
2020,5631,Income,1000
2020,5632,Income,1016
2020,5644,Income,1018
2020,5645,Income,999
2020,5646,Income,1004
2020,5647,Income,1022
2020,5659,Income,1016
2020,5660,Income,923
2020,5661,Income,970
2020,5662,Income,980
2020,5674,Income,1165
2020,5675,Income,1172
2020,5676,Income,1182
2020,5677,Income,1184
2020,5689,Income,1157
2020,5690,Income,1166
2020,5691,Income,1173
2020,5692,Income,1182
2020,5704,Income,1157
2020,5705,Income,1166
2020,5706,Income,1173
2020,5707,Income,1182
2020,5719,Income,1184
2020,5720,Income,1197
2020,5721,Income,1202
2020,5722,Income,1206
2020,5734,Income,1280
2020,5735,Income,1280
2020,5736,Income,1318
2020,5737,Income,1318
2020,5749,Income,1300
2020,5750,Income,1300
2020,5751,Income,1339
2020,5752,Income,1339
2020,5764,Income,1097
2020,5765,Income,1102
2020,5766,Income,1102
2020,5767,Income,1089
2020,5779,Income,1090
2020,5780,Income,1094
2020,5781,Income,1095
2020,5782,Income,1081
2020,5794,Income,1010
2020,5795,Income,1008
2020,5796,Income,1039
2020,5797,Income,1053
2020,5809,Income,1023
2020,5810,Income,1030
2020,5811,Income,1063
2020,5812,Income,1122
2020,5824,Income,1035
2020,5825,Income,998
2020,5826,Income,1074
2020,5827,Income,1060
2020,5839,Income,1025
2020,5840,Income,1003
2020,5841,Income,1067
2020,5842,Income,1067
2020,5854,Income,986
2020,5855,Income,998
2020,5856,Income,1020
2020,5857,Income,1011
2020,5869,Income,957
2020,5870,Income,957
2020,5871,Income,974
2020,5872,Income,978
2020,5884,Income,993
2020,5885,Income,1003
2020,5886,Income,997
2020,5887,Income,984
2020,5899,Income,1054
2020,5900,Income,1061
2020,5901,Income,1068
2020,5902,Income,1071
2020,5914,Income,996
2020,5915,Income,1007
2020,5916,Income,997
2020,5917,Income,994
2020,5929,Income,1077
2020,5930,Income,1083
2020,5931,Income,1097
2020,5932,Income,1103
2020,5944,Income,1179
2020,5945,Income,1179
2020,5946,Income,1201
2020,5947,Income,1213
2020,5959,Income,936
2020,5960,Income,874
2020,5961,Income,887
2020,5962,Income,910
2020,5974,Income,959
2020,5975,Income,944
2020,5976,Income,947
2020,5977,Income,979
2020,5989,Income,944
2020,5990,Income,861
2020,5991,Income,871
2020,5992,Income,874
2020,6004,Income,993
2020,6005,Income,874
2020,6006,Income,888
2020,6007,Income,892
2020,6019,Income,960
2020,6020,Income,910
2020,6021,Income,959
2020,6022,Income,1100
2020,6034,Income,879
2020,6035,Income,882
2020,6036,Income,881
2020,6037,Income,873
2020,6049,Income,1247
2020,6050,Income,1248
2020,6051,Income,1252
2020,6052,Income,1251
2020,6064,Income,417
2020,6065,Income,452
2020,6066,Income,385
2020,6067,Income,416
2020,6079,Income,914
2020,6080,Income,911
2020,6081,Income,911
2020,6082,Income,902
2020,6094,Income,1028
2020,6095,Income,1018
2020,6096,Income,1019
2020,6097,Income,1047
2020,6109,Income,513
2020,6110,Income,501
2020,6111,Income,515
2020,6112,Income,543
2020,6124,Income,1120
2020,6125,Income,1131
2020,6126,Income,1142
2020,6127,Income,1144
2020,6139,Income,1037
2020,6140,Income,1048
2020,6141,Income,1035
2020,6142,Income,1056
2020,6154,Income,1052
2020,6155,Income,1034
2020,6156,Income,1043
2020,6157,Income,1055
2020,6169,Income,1256
2020,6170,Income,1284
2020,6171,Income,1281
2020,6172,Income,1325
2020,6184,Income,1338
2020,6185,Income,1244
2020,6186,Income,1235
2020,6187,Income,1361
2020,6199,Income,986
2020,6200,Income,986
2020,6201,Income,997
2020,6202,Income,999
2020,6214,Income,1114
2020,6215,Income,1114
2020,6216,Income,1157
2020,6217,Income,1162
2020,6229,Income,1039
2020,6230,Income,1039
2020,6231,Income,1039
2020,6232,Income,1039
2020,6244,Income,919
2020,6245,Income,919
2020,6246,Income,919
2020,6247,Income,919
2020,6259,Income,1129
2020,6260,Income,1129
2020,6261,Income,1129
2020,6262,Income,1129
2020,6274,Income,1165
2020,6275,Income,1171
2020,6276,Income,1171
2020,6277,Income,1176
2020,6289,Income,1009
2020,6290,Income,1013
2020,6292,Income,995
2020,6304,Income,1070
2020,6305,Income,1056
2020,6306,Income,1096
2020,6307,Income,1107
2020,6319,Income,1265
2020,6320,Income,1273
2020,6321,Income,1274
2020,6322,Income,1277
2020,6334,Income,770
2020,6335,Income,769
2020,6336,Income,769
2020,6337,Income,770
2020,6349,Income,1147
2020,6350,Income,1151
2020,6351,Income,1163
2020,6352,Income,1176
2020,6364,Income,1055
2020,6365,Income,1032
2020,6366,Income,971
2020,6367,Income,937
2020,6379,Income,1055
2020,6380,Income,1032
2020,6381,Income,971
2020,6382,Income,937
2020,6394,Income,1087
2020,6395,Income,1080
2020,6396,Income,1087
2020,6397,Income,1089
2020,6409,Income,1070
2020,6410,Income,1079
2020,6411,Income,1091
2020,6412,Income,1074
2020,6424,Income,1051
2020,6425,Income,1092
2020,6426,Income,1222
2020,6427,Income,1089
2020,6439,Income,1096
2020,6440,Income,1077
2020,6441,Income,1082
2020,6442,Income,1080
2020,6454,Income,1028
2020,6455,Income,1032
2020,6456,Income,1016
2020,6457,Income,1015
2020,6469,Income,1056
2020,6470,Income,1060
2020,6471,Income,1061
2020,6472,Income,1053
2020,6484,Income,1154
2020,6485,Income,1171
2020,6486,Income,1179
2020,6487,Income,1185
2020,6499,Income,1323
2020,6500,Income,1326
2020,6501,Income,1328
2020,6502,Income,1332
2020,6514,Income,1039
2020,6515,Income,1051
2020,6516,Income,1050
2020,6517,Income,1051
2020,6529,Income,1812
2020,6530,Income,1802
2020,6531,Income,1807
2020,6532,Income,1818
2020,6544,Income,997
2020,6545,Income,970
2020,6546,Income,976
2020,6547,Income,993
2020,6559,Income,1002
2020,6560,Income,982
2020,6561,Income,981
2020,6562,Income,998
2020,6574,Income,973
2020,6575,Income,908
2020,6576,Income,941
2020,6577,Income,959
2020,6589,Income,1162
2020,6590,Income,1168
2020,6591,Income,1178
2020,6592,Income,1180
2020,6604,Income,1151
2020,6605,Income,1159
2020,6606,Income,1166
2020,6607,Income,1173
2020,6619,Income,1151
2020,6620,Income,1159
2020,6621,Income,1166
2020,6622,Income,1173
2020,6634,Income,1156
2020,6635,Income,1170
2020,6636,Income,1178
2020,6637,Income,1184
2020,6649,Income,1276
2020,6650,Income,1277
2020,6651,Income,1314
2020,6652,Income,1314
2020,6664,Income,1300
2020,6665,Income,1300
2020,6666,Income,1339
2020,6667,Income,1339
2020,6679,Income,1099
2020,6680,Income,1104
2020,6681,Income,1104
2020,6682,Income,1092
2020,6694,Income,1092
2020,6695,Income,1096
2020,6696,Income,1097
2020,6697,Income,1083
2020,6709,Income,1010
2020,6710,Income,1005
2020,6711,Income,1031
2020,6712,Income,1048
2020,6724,Income,1028
2020,6725,Income,1026
2020,6726,Income,1038
2020,6727,Income,1112
2020,6739,Income,1014
2020,6740,Income,991
2020,6741,Income,1063
2020,6742,Income,1061
2020,6754,Income,1004
2020,6755,Income,977
2020,6756,Income,1047
2020,6757,Income,1044
2020,6769,Income,979
2020,6770,Income,993
2020,6771,Income,1027
2020,6772,Income,1032
2020,6784,Income,982
2020,6785,Income,978
2020,6786,Income,988
2020,6787,Income,990
2020,6799,Income,1008
2020,6800,Income,1019
2020,6801,Income,1019
2020,6802,Income,1012
2020,6814,Income,1059
2020,6815,Income,1064
2020,6816,Income,1072
2020,6817,Income,1075
2020,6829,Income,1005
2020,6830,Income,1010
2020,6831,Income,999
2020,6832,Income,989
2020,6844,Income,1087
2020,6845,Income,1092
2020,6846,Income,1106
2020,6847,Income,1114
2020,6859,Income,1175
2020,6860,Income,1175
2020,6861,Income,1196
2020,6862,Income,1207
2020,6874,Income,949
2020,6875,Income,894
2020,6876,Income,902
2020,6877,Income,921
2020,6889,Income,960
2020,6890,Income,950
2020,6891,Income,954
2020,6892,Income,989
2020,6904,Income,955
2020,6905,Income,872
2020,6906,Income,884
2020,6907,Income,887
2020,6919,Income,998
2020,6920,Income,878
2020,6921,Income,893
2020,6922,Income,897
2020,6934,Income,969
2020,6935,Income,936
2020,6936,Income,933
2020,6937,Income,1009
2020,6949,Income,836
2020,6950,Income,840
2020,6951,Income,827
2020,6952,Income,826
2020,6964,Income,1241
2020,6965,Income,1244
2020,6966,Income,1250
2020,6967,Income,1250
2020,6979,Income,366
2020,6980,Income,396
2020,6981,Income,338
2020,6982,Income,365
2020,6994,Income,878
2020,6995,Income,874
2020,6996,Income,875
2020,6997,Income,867
2020,7009,Income,1009
2020,7010,Income,994
2020,7011,Income,996
2020,7012,Income,1023
2020,7024,Income,508
2020,7025,Income,483
2020,7026,Income,498
2020,7027,Income,520
2020,7039,Income,1086
2020,7040,Income,1088
2020,7041,Income,1095
2020,7042,Income,1101
2020,7054,Income,1043
2020,7055,Income,1052
2020,7056,Income,1034
2020,7057,Income,1044
2020,7069,Income,1061
2020,7070,Income,1043
2020,7071,Income,1060
2020,7072,Income,1075
2020,7084,Income,1222
2020,7085,Income,1247
2020,7086,Income,1241
2020,7087,Income,1277
2020,7099,Income,1332
2020,7100,Income,1239
2020,7101,Income,1240
2020,7102,Income,1372
2020,7114,Income,1047
2020,7115,Income,1047
2020,7116,Income,1061
2020,7117,Income,1064
2020,7129,Income,1093
2020,7130,Income,1093
2020,7131,Income,1125
2020,7132,Income,1130
2020,7144,Income,1129
2020,7145,Income,1129
2020,7146,Income,1129
2020,7147,Income,1129
2020,7159,Income,938
2020,7160,Income,938
2020,7161,Income,938
2020,7162,Income,938
2020,7174,Income,1105
2020,7175,Income,1105
2020,7176,Income,1105
2020,7177,Income,1105
2020,7189,Income,1157
2020,7190,Income,1162
2020,7191,Income,1160
2020,7192,Income,1165
2020,7204,Income,1011
2020,7205,Income,1013
2020,7206,Income,993
2020,7207,Income,997
2020,7219,Income,1135
2020,7220,Income,1123
2020,7221,Income,1133
2020,7222,Income,1127
2020,7234,Income,1250
2020,7235,Income,1258
2020,7236,Income,1260
2020,7237,Income,1264
2020,7249,Income,812
2020,7250,Income,812
2020,7251,Income,812
2020,7252,Income,812
2020,7264,Income,1098
2020,7265,Income,1105
2020,7266,Income,1114
2020,7267,Income,1126
2020,7279,Income,1063
2020,7280,Income,1041
2020,7281,Income,976
2020,7282,Income,941
2020,7294,Income,1063
2020,7295,Income,1041
2020,7296,Income,976
2020,7297,Income,941
2020,7309,Income,1077
2020,7310,Income,1069
2020,7311,Income,1071
2020,7312,Income,1073
2020,7324,Income,1072
2020,7325,Income,1084
2020,7326,Income,1099
2020,7327,Income,1078
2020,7339,Income,1042
2020,7340,Income,1093
2020,7341,Income,1236
2020,7342,Income,1068
2020,7354,Income,1086
2020,7355,Income,1068
2020,7356,Income,1072
2020,7357,Income,1069
2020,7369,Income,1032
2020,7370,Income,1038
2020,7371,Income,1024
2020,7372,Income,1022
2020,7384,Income,1055
2020,7385,Income,1065
2020,7386,Income,1063
2020,7387,Income,1056
2020,7399,Income,1151
2020,7400,Income,1168
2020,7401,Income,1177
2020,7402,Income,1184
2020,7414,Income,1306
2020,7415,Income,1311
2020,7416,Income,1313
2020,7417,Income,1317
2020,7429,Income,1045
2020,7430,Income,1056
2020,7431,Income,1057
2020,7432,Income,1060
2020,7444,Income,1815
2020,7445,Income,1805
2020,7446,Income,1808
2020,7447,Income,1817
2020,7459,Income,1013
2020,7460,Income,983
2020,7461,Income,991
2020,7462,Income,1010
2020,7474,Income,1012
2020,7475,Income,995
2020,7476,Income,996
2020,7477,Income,1014
2020,7489,Income,1016
2020,7490,Income,938
2020,7491,Income,980
2020,7492,Income,1005
2020,7504,Income,1169
2020,7505,Income,1175
2020,7506,Income,1185
2020,7507,Income,1187
2020,7519,Income,1155
2020,7520,Income,1163
2020,7521,Income,1170
2020,7522,Income,1177
2020,7534,Income,1155
2020,7535,Income,1163
2020,7536,Income,1170
2020,7537,Income,1177
2020,7549,Income,1176
2020,7550,Income,1192
2020,7551,Income,1200
2020,7552,Income,1201
2020,7564,Income,1283
2020,7565,Income,1283
2020,7566,Income,1322
2020,7567,Income,1322
2020,7579,Income,1303
2020,7580,Income,1303
2020,7581,Income,1344
2020,7582,Income,1344
2020,7594,Income,1098
2020,7595,Income,1103
2020,7596,Income,1103
2020,7597,Income,1092
2020,7609,Income,1091
2020,7610,Income,1096
2020,7611,Income,1096
2020,7612,Income,1083
2020,7624,Income,1001
2020,7625,Income,999
2020,7626,Income,1019
2020,7627,Income,1036
2020,7639,Income,1031
2020,7640,Income,1033
2020,7641,Income,1015
2020,7642,Income,1097
2020,7654,Income,1020
2020,7655,Income,993
2020,7656,Income,1058
2020,7657,Income,1064
2020,7669,Income,985
2020,7670,Income,961
2020,7671,Income,1013
2020,7672,Income,1012
2020,7684,Income,914
2020,7685,Income,937
2020,7686,Income,979
2020,7687,Income,983
2020,7699,Income,978
2020,7700,Income,974
2020,7701,Income,985
2020,7702,Income,986
2020,7714,Income,1023
2020,7715,Income,1035
2020,7716,Income,1033
2020,7717,Income,1023
2020,7729,Income,1084
2020,7730,Income,1089
2020,7731,Income,1094
2020,7732,Income,1099
2020,7744,Income,1015
2020,7745,Income,1021
2020,7746,Income,1013
2020,7747,Income,1010
2020,7759,Income,1107
2020,7760,Income,1113
2020,7761,Income,1125
2020,7762,Income,1135
2020,7774,Income,1178
2020,7775,Income,1178
2020,7776,Income,1198
2020,7777,Income,1209
2020,7789,Income,943
2020,7790,Income,892
2020,7791,Income,906
2020,7792,Income,926
2020,7804,Income,953
2020,7805,Income,949
2020,7806,Income,953
2020,7807,Income,986
2020,7819,Income,959
2020,7820,Income,880
2020,7821,Income,894
2020,7822,Income,897
2020,7834,Income,991
2020,7835,Income,871
2020,7836,Income,887
2020,7837,Income,890
2020,7849,Income,930
2020,7850,Income,902
2020,7851,Income,933
2020,7852,Income,1020
2020,7864,Income,806
2020,7865,Income,812
2020,7866,Income,804
2020,7867,Income,801
2020,7879,Income,1189
2020,7880,Income,1191
2020,7881,Income,1198
2020,7882,Income,1195
2020,7894,Income,372
2020,7895,Income,401
2020,7896,Income,341
2020,7897,Income,369
2020,7909,Income,862
2020,7910,Income,859
2020,7911,Income,860
2020,7912,Income,851
2020,7924,Income,1024
2020,7925,Income,1012
2020,7926,Income,1022
2020,7927,Income,1049
2020,7939,Income,522
2020,7940,Income,507
2020,7941,Income,515
2020,7942,Income,533
2020,7954,Income,1120
2020,7955,Income,1137
2020,7956,Income,1151
2020,7957,Income,1151
2020,7969,Income,1031
2020,7970,Income,1042
2020,7971,Income,1032
2020,7972,Income,1046
2020,7984,Income,1077
2020,7985,Income,1061
2020,7986,Income,1087
2020,7987,Income,1102
2020,7999,Income,1218
2020,8000,Income,1242
2020,8001,Income,1240
2020,8002,Income,1275
2020,8014,Income,1335
2020,8015,Income,1263
2020,8016,Income,1274
2020,8017,Income,1402
2020,8029,Income,1065
2020,8030,Income,1065
2020,8031,Income,1079
2020,8032,Income,1081
2020,8044,Income,1161
2020,8045,Income,1161
2020,8046,Income,1193
2020,8047,Income,1197
2020,8059,Income,1156
2020,8060,Income,1156
2020,8061,Income,1156
2020,8062,Income,1156
2020,8074,Income,966
2020,8075,Income,966
2020,8076,Income,966
2020,8077,Income,966
2020,8089,Income,1122
2020,8090,Income,1122
2020,8091,Income,1122
2020,8092,Income,1122
2020,8104,Income,1173
2020,8105,Income,1178
2020,8106,Income,1177
2020,8107,Income,1183
2020,8119,Income,1024
2020,8120,Income,1028
2020,8121,Income,1008
2020,8122,Income,1013
2020,8134,Income,1128
2020,8135,Income,1118
2020,8136,Income,1153
2020,8137,Income,1162
2020,8149,Income,1257
2020,8150,Income,1265
2020,8151,Income,1268
2020,8152,Income,1271
2020,8164,Income,827
2020,8165,Income,827
2020,8166,Income,827
2020,8167,Income,827
2020,8179,Income,1139
2020,8180,Income,1141
2020,8181,Income,1149
2020,8182,Income,1161
2020,8194,Income,1080
2020,8195,Income,1059
2020,8196,Income,992
2020,8197,Income,957
2020,8209,Income,1080
2020,8210,Income,1059
2020,8211,Income,992
2020,8212,Income,957
2020,8224,Income,1081
2020,8225,Income,1073
2020,8226,Income,1077
2020,8227,Income,1078
2020,8239,Income,1072
2020,8240,Income,1084
2020,8241,Income,1099
2020,8242,Income,1080
2020,8254,Income,1030
2020,8255,Income,1091
2020,8256,Income,1227
2020,8257,Income,1078
2020,8269,Income,1084
2020,8270,Income,1062
2020,8271,Income,1065
2020,8272,Income,1062
2020,8284,Income,1031
2020,8285,Income,1035
2020,8286,Income,1020
2020,8287,Income,1018
2020,8299,Income,1043
2020,8300,Income,1050
2020,8301,Income,1048
2020,8302,Income,1040
2020,8314,Income,1144
2020,8315,Income,1159
2020,8316,Income,1168
2020,8317,Income,1175
2020,8329,Income,1202
2020,8330,Income,1209
2020,8331,Income,1211
2020,8332,Income,1215
2020,8344,Income,1044
2020,8345,Income,1054
2020,8346,Income,1055
2020,8347,Income,1058
2020,8359,Income,1820
2020,8360,Income,1812
2020,8361,Income,1815
2020,8362,Income,1826
2020,8374,Income,1004
2020,8375,Income,974
2020,8376,Income,982
2020,8377,Income,996
2020,8389,Income,1001
2020,8390,Income,982
2020,8391,Income,986
2020,8392,Income,1003
2020,8404,Income,1014
2020,8405,Income,932
2020,8406,Income,956
2020,8407,Income,960
2020,8419,Income,1174
2020,8420,Income,1180
2020,8421,Income,1192
2020,8422,Income,1193
2020,8434,Income,1155
2020,8435,Income,1162
2020,8436,Income,1168
2020,8437,Income,1174
2020,8449,Income,1155
2020,8450,Income,1162
2020,8451,Income,1168
2020,8452,Income,1174
2020,8464,Income,1174
2020,8465,Income,1185
2020,8466,Income,1192
2020,8467,Income,1195
2020,8479,Income,1281
2020,8480,Income,1282
2020,8481,Income,1322
2020,8482,Income,1322
2020,8494,Income,1299
2020,8495,Income,1299
2020,8496,Income,1341
2020,8497,Income,1341
2020,8509,Income,1096
2020,8510,Income,1101
2020,8511,Income,1101
2020,8512,Income,1091
2020,8524,Income,1085
2020,8525,Income,1090
2020,8526,Income,1091
2020,8527,Income,1079
2020,8539,Income,1024
2020,8540,Income,1021
2020,8541,Income,1040
2020,8542,Income,1052
2020,8554,Income,1038
2020,8555,Income,1037
2020,8556,Income,1020
2020,8557,Income,1076
2020,8569,Income,1026
2020,8570,Income,997
2020,8571,Income,1070
2020,8572,Income,1064
2020,8584,Income,1010
2020,8585,Income,984
2020,8586,Income,1034
2020,8587,Income,1037
2020,8599,Income,952
2020,8600,Income,973
2020,8601,Income,1002
2020,8602,Income,1003
2020,8614,Income,987
2020,8615,Income,984
2020,8616,Income,998
2020,8617,Income,1004
2020,8629,Income,1042
2020,8630,Income,1049
2020,8631,Income,1049
2020,8632,Income,1042
2020,8644,Income,1077
2020,8645,Income,1081
2020,8646,Income,1087
2020,8647,Income,1089
2020,8659,Income,1006
2020,8660,Income,1011
2020,8661,Income,1002
2020,8662,Income,993
2020,8674,Income,1103
2020,8675,Income,1109
2020,8676,Income,1122
2020,8677,Income,1132
2020,8689,Income,1167
2020,8690,Income,1167
2020,8691,Income,1185
2020,8692,Income,1193
2020,8704,Income,951
2020,8705,Income,910
2020,8706,Income,920
2020,8707,Income,942
2020,8719,Income,949
2020,8720,Income,945
2020,8721,Income,943
2020,8722,Income,973
2020,8734,Income,985
2020,8735,Income,906
2020,8736,Income,920
2020,8737,Income,923
2020,8749,Income,1003
2020,8750,Income,882
2020,8751,Income,898
2020,8752,Income,902
2020,8764,Income,902
2020,8765,Income,900
2020,8766,Income,917
2020,8767,Income,979
2020,8779,Income,810
2020,8780,Income,817
2020,8781,Income,807
2020,8782,Income,805
2020,8794,Income,1224
2020,8795,Income,1227
2020,8796,Income,1235
2020,8797,Income,1236
2020,8809,Income,384
2020,8810,Income,415
2020,8811,Income,354
2020,8812,Income,382
2020,8824,Income,846
2020,8825,Income,843
2020,8826,Income,843
2020,8827,Income,835
2020,8839,Income,1032
2020,8840,Income,1014
2020,8841,Income,1018
2020,8842,Income,1053
2020,8854,Income,508
2020,8855,Income,487
2020,8856,Income,502
2020,8857,Income,524
2020,8869,Income,1056
2020,8870,Income,1057
2020,8871,Income,1066
2020,8872,Income,1068
2020,8884,Income,1050
2020,8885,Income,1059
2020,8886,Income,1046
2020,8887,Income,1055
2020,8899,Income,1076
2020,8900,Income,1062
2020,8901,Income,1082
2020,8902,Income,1095
2020,8914,Income,1217
2020,8915,Income,1256
2020,8916,Income,1249
2020,8917,Income,1301
2020,8929,Income,1331
2020,8930,Income,1255
2020,8931,Income,1245
2020,8932,Income,1408
2020,8944,Income,1082
2020,8945,Income,1082
2020,8946,Income,1090
2020,8947,Income,1091
2020,8959,Income,1106
2020,8960,Income,1106
2020,8961,Income,1135
2020,8962,Income,1139
2020,8974,Income,1211
2020,8975,Income,1211
2020,8976,Income,1211
2020,8977,Income,1211
2020,8989,Income,940
2020,8990,Income,940
2020,8991,Income,940
2020,8992,Income,940
2020,9004,Income,1082
2020,9005,Income,1082
2020,9006,Income,1082
2020,9007,Income,1082
2020,9019,Income,1185
2020,9020,Income,1190
2020,9021,Income,1189
2020,9022,Income,1194
2020,9034,Income,1041
2020,9035,Income,1046
2020,9036,Income,1030
2020,9037,Income,1032
2020,9049,Income,1081
2020,9050,Income,1065
2020,9051,Income,1091
2020,9052,Income,1086
2020,9064,Income,1266
2020,9065,Income,1273
2020,9066,Income,1276
2020,9067,Income,1280
2020,9079,Income,821
2020,9080,Income,821
2020,9081,Income,821
2020,9082,Income,822
2020,9094,Income,1166
2020,9095,Income,1171
2020,9096,Income,1174
2020,9097,Income,1187
2020,9109,Income,1092
2020,9110,Income,1071
2020,9111,Income,1003
2020,9112,Income,967
2020,9124,Income,1092
2020,9125,Income,1071
2020,9126,Income,1003
2020,9127,Income,967
2020,9139,Income,1073
2020,9140,Income,1066
2020,9141,Income,1068
2020,9142,Income,1070
2021,4598,Income,1111
2021,7538,Income,1190
2021,5096,Income,1166
2021,5095,Income,1082
2021,8906,Income,1099
2021,7539,Income,1203
2021,7540,Income,1213
2021,7541,Income,1229
2021,8243,Income,1086
2021,8244,Income,1103
2021,8245,Income,1134
2021,8246,Income,1125
2021,7240,Income,1299
2021,7241,Income,1310
2021,5739,Income,1318
2021,5094,Income,1016
2021,5093,Income,957
2021,5498,Income,1072
2021,8606,Income,974
2021,4718,Income,996
2021,7059,Income,1094
2021,5666,Income,1039
2021,5665,Income,1024
2021,8258,Income,1072
2021,8259,Income,1153
2021,8260,Income,1291
2021,8261,Income,1153
2021,8723,Income,999
2021,8724,Income,1018
2021,8725,Income,1011
2021,7553,Income,1210
2021,5081,Income,1039
2021,5080,Income,984
2021,5079,Income,938
2021,9086,Income,759
2021,7554,Income,1225
2021,7555,Income,1240
2021,7556,Income,1271
2021,8273,Income,1058
2021,8274,Income,1058
2021,8275,Income,1089
2021,8276,Income,1098
2021,5664,Income,1023
2021,5663,Income,987
2021,4868,Income,1084
2021,5078,Income,900
2021,5486,Income,1146
2021,5485,Income,1134
2021,5484,Income,1113
2021,8918,Income,1257
2021,8919,Income,1292
2021,8920,Income,1293
2021,8921,Income,1322
2021,8288,Income,1027
2021,8289,Income,1030
2021,8290,Income,1044
2021,8291,Income,1056
2021,5483,Income,1102
2021,8726,Income,1030
2021,7060,Income,1151
2021,5066,Income,1080
2021,5065,Income,1058
2021,5064,Income,1063
2021,5063,Income,1038
2021,7061,Income,1178
2021,4658,Income,1198
2021,7568,Income,1322
2021,4706,Income,1858
2021,8303,Income,1046
2021,8304,Income,1041
2021,8305,Income,1047
2021,8306,Income,1045
2021,7569,Income,1322
2021,7570,Income,1413
2021,7571,Income,1413
2021,7253,Income,811
2021,7254,Income,810
2021,7255,Income,808
2021,5051,Income,1037
2021,4705,Income,1860
2021,4704,Income,1859
2021,4703,Income,1863
2021,4614,Income,1080
2021,8318,Income,1186
2021,8319,Income,1209
2021,8320,Income,1220
2021,8321,Income,1232
2021,7256,Income,758
2021,7118,Income,1080
2021,7119,Income,1080
2021,5050,Income,994
2021,5049,Income,954
2021,5048,Income,925
2021,5471,Income,1003
2021,4613,Income,1079
2021,7120,Income,1089
2021,7121,Income,1089
2021,8933,Income,1403
2021,8333,Income,1229
2021,8334,Income,1232
2021,8335,Income,1240
2021,8336,Income,1235
2021,5785,Income,1083
2021,4811,Income,1261
2021,7583,Income,1344
2021,7584,Income,1344
2021,7585,Income,1437
2021,5036,Income,1283
2021,5035,Income,1264
2021,8934,Income,1411
2021,8935,Income,1460
2021,8936,Income,1471
2021,7586,Income,1437
2021,8348,Income,1064
2021,8349,Income,1070
2021,8350,Income,1079
2021,8351,Income,1073
2021,5784,Income,1086
2021,5651,Income,1038
2021,5783,Income,1085
2021,5034,Income,1236
2021,5033,Income,1234
2021,5470,Income,946
2021,5469,Income,948
2021,5468,Income,936
2021,5738,Income,1318
2021,9038,Income,1037
2021,9039,Income,1045
2021,8363,Income,1870
2021,8364,Income,1864
2021,8365,Income,1866
2021,8366,Income,1863
2021,9040,Income,1057
2021,9041,Income,1078
2021,7598,Income,1096
2021,7599,Income,1099
2021,5021,Income,1138
2021,5020,Income,1126
2021,5019,Income,1115
2021,7600,Income,1097
2021,7601,Income,1087
2021,8648,Income,1096
2021,8649,Income,1104
2021,6236,Income,1089
2021,4691,Income,1069
2021,7268,Income,1166
2021,4586,Income,1104
2021,8378,Income,989
2021,6248,Income,936
2021,6249,Income,936
2021,6250,Income,936
2021,6251,Income,936
2021,7269,Income,1196
2021,7270,Income,1209
2021,5456,Income,1003
2021,6235,Income,1089
2021,6234,Income,1089
2021,6233,Income,1089
2021,5455,Income,946
2021,8379,Income,1024
2021,8380,Income,1025
2021,8381,Income,1026
2021,8738,Income,969
2021,6263,Income,1090
2021,6264,Income,1090
2021,6265,Income,1090
2021,6266,Income,1090
2021,8739,Income,1011
2021,8740,Income,1063
2021,8741,Income,1121
2021,7613,Income,1088
2021,7614,Income,1090
2021,6221,Income,1182
2021,6220,Income,1182
2021,7615,Income,1088
2021,7616,Income,1076
2021,5018,Income,1101
2021,7271,Income,1229
2021,6278,Income,1193
2021,6279,Income,1210
2021,6280,Income,1226
2021,6281,Income,1238
2021,5770,Income,1092
2021,5769,Income,1095
2021,5454,Income,948
2021,6219,Income,1162
2021,6218,Income,1162
2021,5453,Income,936
2021,5768,Income,1093
2021,5650,Income,1032
2021,5649,Income,1033
2021,5648,Income,1007
2021,4585,Income,1109
2021,6293,Income,998
2021,6294,Income,1007
2021,6295,Income,1030
2021,6296,Income,1053
2021,4886,Income,1049
2021,4810,Income,1232
2021,7628,Income,1021
2021,6206,Income,1023
2021,6205,Income,1023
2021,6204,Income,1018
2021,6203,Income,1018
2021,4584,Income,1079
2021,8948,Income,1108
2021,8949,Income,1108
2021,8393,Income,993
2021,6308,Income,1128
2021,6309,Income,1143
2021,6310,Income,1147
2021,6311,Income,1157
2021,7629,Income,1031
2021,7630,Income,1044
2021,7631,Income,1068
2021,8650,Income,1107
2021,8651,Income,1115
2021,4885,Income,1031
2021,6191,Income,1415
2021,8394,Income,1020
2021,8395,Income,1020
2021,8396,Income,1020
2021,4884,Income,1013
2021,6323,Income,1285
2021,6324,Income,1297
2021,6325,Income,1313
2021,6326,Income,1324
2021,5441,Income,1383
2021,5440,Income,1366
2021,5439,Income,1344
2021,6190,Income,1394
2021,6189,Income,1358
2021,6188,Income,1360
2021,4809,Income,1217
2021,4808,Income,1201
2021,7283,Income,946
2021,5006,Income,984
2021,5005,Income,990
2021,6338,Income,768
2021,6339,Income,768
2021,6340,Income,764
2021,6341,Income,714
2021,7284,Income,956
2021,7643,Income,1050
2021,7644,Income,1049
2021,7645,Income,1063
2021,7646,Income,1158
2021,6176,Income,1338
2021,6175,Income,1300
2021,5004,Income,996
2021,5003,Income,1003
2021,8950,Income,1114
2021,8951,Income,1114
2021,6353,Income,1225
2021,6354,Income,1260
2021,6355,Income,1275
2021,6356,Income,1285
2021,7285,Income,952
2021,7286,Income,1007
2021,4883,Income,1002
2021,6174,Income,1303
2021,6173,Income,1276
2021,5438,Income,1303
2021,7133,Income,1130
2021,7134,Income,1130
2021,7135,Income,1151
2021,8408,Income,964
2021,8409,Income,1036
2021,6368,Income,940
2021,6369,Income,948
2021,6370,Income,945
2021,6371,Income,998
2021,7136,Income,1151
2021,5636,Income,1038
2021,5635,Income,1031
2021,8753,Income,966
2021,6161,Income,1055
2021,6160,Income,1047
2021,6159,Income,1042
2021,8410,Income,1038
2021,8411,Income,1045
2021,7658,Income,1006
2021,7659,Income,1049
2021,6383,Income,940
2021,6384,Income,948
2021,6385,Income,945
2021,6386,Income,998
2021,7660,Income,1088
2021,7661,Income,1058
2021,7016,Income,1069
2021,6158,Income,1055
2021,4661,Income,1247
2021,4898,Income,1028
2021,5426,Income,718
2021,5425,Income,756
2021,5424,Income,761
2021,5423,Income,763
2021,8754,Income,1025
2021,6398,Income,1099
2021,6399,Income,1111
2021,6400,Income,1132
2021,6401,Income,1145
2021,8755,Income,1090
2021,8756,Income,1173
2021,4856,Income,1080
2021,6146,Income,1157
2021,6145,Income,1139
2021,6144,Income,1096
2021,6143,Income,1060
2021,4991,Income,1075
2021,7673,Income,1024
2021,4690,Income,1077
2021,4689,Income,1070
2021,6413,Income,1080
2021,6414,Income,1095
2021,6415,Income,1125
2021,6416,Income,1119
2021,7674,Income,1017
2021,7675,Income,1038
2021,7676,Income,1029
2021,7298,Income,946
2021,7299,Income,956
2021,7300,Income,952
2021,6131,Income,1305
2021,4688,Income,1066
2021,8423,Income,1200
2021,8424,Income,1208
2021,8425,Income,1235
2021,6428,Income,1091
2021,6429,Income,1161
2021,6430,Income,1294
2021,6431,Income,1165
2021,7301,Income,1007
2021,5726,Income,1277
2021,5725,Income,1246
2021,6130,Income,1237
2021,6129,Income,1198
2021,6128,Income,1170
2021,5411,Income,1334
2021,8426,Income,1245
2021,5724,Income,1230
2021,5634,Income,1032
2021,5633,Income,1004
2021,6443,Income,1074
2021,6444,Income,1073
2021,6445,Income,1103
2021,6446,Income,1114
2021,5723,Income,1213
2021,7688,Income,959
2021,7689,Income,973
2021,7690,Income,942
2021,7691,Income,939
2021,6116,Income,491
2021,6115,Income,460
2021,4990,Income,1070
2021,4989,Income,1067
2021,4988,Income,1062
2021,8588,Income,1046
2021,6458,Income,1024
2021,6459,Income,1029
2021,6460,Income,1043
2021,6461,Income,1057
2021,4855,Income,1091
2021,9113,Income,976
2021,5410,Income,1323
2021,6114,Income,447
2021,6113,Income,503
2021,5409,Income,1308
2021,5408,Income,1295
2021,9114,Income,990
2021,9098,Income,1222
2021,9099,Income,1248
2021,9100,Income,1263
2021,6473,Income,1058
2021,6474,Income,1055
2021,6475,Income,1064
2021,6476,Income,1061
2021,4796,Income,1241
2021,4795,Income,1225
2021,9115,Income,987
2021,7313,Income,1083
2021,6101,Income,1076
2021,6100,Income,1056
2021,6099,Income,1036
2021,8438,Income,1186
2021,8439,Income,1197
2021,8440,Income,1206
2021,8441,Income,1220
2021,6488,Income,1195
2021,6489,Income,1218
2021,6490,Income,1230
2021,6491,Income,1243
2021,7703,Income,990
2021,7704,Income,995
2021,7705,Income,1001
2021,6098,Income,1036
2021,7706,Income,1036
2021,7314,Income,1095
2021,7315,Income,1115
2021,7316,Income,1131
2021,9008,Income,1080
2021,9009,Income,1080
2021,5396,Income,1090
2021,6503,Income,1353
2021,6504,Income,1354
2021,6505,Income,1359
2021,6506,Income,1353
2021,5395,Income,1088
2021,4631,Income,1055
2021,7148,Income,1183
2021,6086,Income,894
2021,6085,Income,880
2021,6084,Income,886
2021,6083,Income,898
2021,8768,Income,1013
2021,4976,Income,1036
2021,4975,Income,1013
2021,9101,Income,1275
2021,6518,Income,1058
2021,6519,Income,1062
2021,6520,Income,1069
2021,6521,Income,1061
2021,8769,Income,976
2021,7718,Income,1030
2021,7719,Income,1052
2021,7720,Income,1058
2021,7721,Income,1081
2021,7149,Income,1183
2021,6071,Income,381
2021,8963,Income,1139
2021,8964,Income,1139
2021,8965,Income,1159
2021,8453,Income,1186
2021,6533,Income,1864
2021,6534,Income,1859
2021,6535,Income,1860
2021,6536,Income,1857
2021,5621,Income,1859
2021,5620,Income,1861
2021,5394,Income,1085
2021,6070,Income,327
2021,6069,Income,336
2021,6068,Income,381
2021,5393,Income,1086
2021,8454,Income,1197
2021,8455,Income,1206
2021,8456,Income,1220
2021,5619,Income,1860
2021,6548,Income,986
2021,6549,Income,1018
2021,6550,Income,1019
2021,6551,Income,1021
2021,9116,Income,1049
2021,8770,Income,1105
2021,8771,Income,1135
2021,8663,Income,1003
2021,8664,Income,993
2021,6056,Income,1271
2021,6055,Income,1268
2021,7733,Income,1107
2021,7734,Income,1116
2021,4974,Income,1008
2021,4973,Income,992
2021,6563,Income,989
2021,6564,Income,1012
2021,6565,Income,1012
2021,6566,Income,1014
2021,7735,Income,1120
2021,7736,Income,1128
2021,8665,Income,986
2021,6054,Income,1246
2021,6053,Income,1253
2021,7328,Income,1083
2021,7329,Income,1101
2021,7330,Income,1132
2021,5381,Income,1034
2021,8966,Income,1159
2021,5380,Income,1015
2021,6578,Income,961
2021,6579,Income,1022
2021,6580,Income,1025
2021,6581,Income,1028
2021,5379,Income,998
2021,7331,Income,1123
2021,4794,Income,1214
2021,4793,Income,1201
2021,6041,Income,865
2021,6040,Income,850
2021,6039,Income,856
2021,7150,Income,1183
2021,7748,Income,1019
2021,8468,Income,1205
2021,8469,Income,1223
2021,6593,Income,1190
2021,6594,Income,1199
2021,6595,Income,1218
2021,6596,Income,1227
2021,7749,Income,1011
2021,7750,Income,1004
2021,7751,Income,1001
2021,6038,Income,868
2021,7151,Income,1183
2021,8589,Income,1044
2021,5618,Income,1864
2021,8470,Income,1243
2021,8471,Income,1280
2021,5378,Income,990
2021,7073,Income,1077
2021,6608,Income,1186
2021,6609,Income,1199
2021,6610,Income,1209
2021,6611,Income,1225
2021,7074,Income,1071
2021,7075,Income,1079
2021,8666,Income,977
2021,6026,Income,1283
2021,6025,Income,1251
2021,6024,Income,1083
2021,6023,Income,1127
2021,7076,Income,1086
2021,7043,Income,1096
2021,4961,Income,1009
2021,4960,Income,982
2021,6623,Income,1186
2021,6624,Income,1199
2021,6625,Income,1209
2021,6626,Income,1225
2021,9143,Income,1079
2021,7763,Income,1142
2021,7764,Income,1161
2021,7765,Income,1171
2021,7766,Income,1185
2021,5711,Income,1238
2021,6011,Income,1167
2021,4959,Income,980
2021,7343,Income,1064
2021,7344,Income,1160
2021,4676,Income,1423
2021,6638,Income,1192
2021,6639,Income,1206
2021,6640,Income,1222
2021,6641,Income,1248
2021,5366,Income,1242
2021,5365,Income,1231
2021,5364,Income,1215
2021,6010,Income,1083
2021,6009,Income,1016
2021,6008,Income,957
2021,5363,Income,1197
2021,4675,Income,1428
2021,8483,Income,1322
2021,8484,Income,1322
2021,8485,Income,1413
2021,6653,Income,1315
2021,6654,Income,1315
2021,6655,Income,1407
2021,6656,Income,1407
2021,9053,Income,1085
2021,8783,Income,792
2021,8784,Income,776
2021,8785,Income,769
2021,7778,Income,1210
2021,5996,Income,1064
2021,5995,Income,1008
2021,8486,Income,1413
2021,7779,Income,1213
2021,7780,Income,1239
2021,7781,Income,1259
2021,6668,Income,1339
2021,6669,Income,1339
2021,6670,Income,1434
2021,6671,Income,1434
2021,7345,Income,1296
2021,7346,Income,1148
2021,8618,Income,1008
2021,5994,Income,959
2021,5993,Income,919
2021,8619,Income,1004
2021,8620,Income,1014
2021,4958,Income,978
2021,5606,Income,1072
2021,5351,Income,1116
2021,8786,Income,789
2021,6683,Income,1096
2021,6684,Income,1099
2021,6685,Income,1097
2021,6686,Income,1086
2021,5605,Income,1079
2021,5604,Income,1072
2021,5603,Income,1068
2021,7793,Income,962
2021,5981,Income,1048
2021,5980,Income,1027
2021,5979,Income,1030
2021,7794,Income,990
2021,7795,Income,1034
2021,7796,Income,1077
2021,4854,Income,1093
2021,6698,Income,1087
2021,6699,Income,1090
2021,6700,Income,1087
2021,6701,Income,1075
2021,4853,Income,1090
2021,8621,Income,1052
2021,5350,Income,1116
2021,5978,Income,1008
2021,5349,Income,1116
2021,5348,Income,1116
2021,7163,Income,953
2021,8498,Income,1341
2021,8499,Income,1341
2021,8500,Income,1435
2021,8501,Income,1435
2021,6713,Income,1034
2021,6714,Income,1045
2021,6715,Income,1062
2021,6716,Income,1095
2021,7358,Income,1062
2021,4781,Income,1241
2021,4780,Income,1225
2021,5966,Income,1063
2021,5965,Income,1018
2021,5964,Income,976
2021,5963,Income,949
2021,4779,Income,1214
2021,7808,Income,1018
2021,7809,Income,1041
2021,4946,Income,1000
2021,6728,Income,1057
2021,6729,Income,1075
2021,6730,Income,1097
2021,6731,Income,1200
2021,7810,Income,1038
2021,7811,Income,1060
2021,7359,Income,1063
2021,7360,Income,1092
2021,7361,Income,1100
2021,7164,Income,953
2021,5951,Income,1265
2021,4945,Income,1028
2021,4944,Income,1028
2021,4943,Income,1024
2021,8978,Income,1245
2021,6743,Income,1013
2021,6744,Income,1051
2021,6745,Income,1079
2021,6746,Income,1050
2021,7165,Income,953
2021,5336,Income,936
2021,5335,Income,936
2021,5950,Income,1245
2021,5949,Income,1217
2021,5948,Income,1215
2021,9054,Income,1083
2021,8979,Income,1245
2021,8980,Income,1245
2021,8981,Income,1245
2021,8513,Income,1095
2021,6758,Income,1049
2021,6759,Income,1041
2021,6760,Income,1073
2021,6761,Income,1060
2021,9055,Income,1091
2021,9056,Income,1109
2021,7166,Income,953
2021,7823,Income,941
2021,7824,Income,981
2021,5936,Income,1142
2021,5935,Income,1131
2021,8514,Income,1100
2021,8515,Income,1098
2021,8516,Income,1089
2021,7825,Income,1031
2021,6773,Income,1011
2021,6774,Income,1011
2021,6775,Income,1026
2021,6776,Income,1022
2021,7826,Income,1086
2021,7044,Income,1104
2021,7045,Income,1132
2021,5934,Income,1124
2021,5933,Income,1111
2021,7046,Income,1150
2021,5334,Income,936
2021,5333,Income,936
2021,5591,Income,1416
2021,5710,Income,1221
2021,8798,Income,1238
2021,6788,Income,993
2021,6789,Income,995
2021,6790,Income,1000
2021,6791,Income,1035
2021,8799,Income,1240
2021,8800,Income,1265
2021,8801,Income,1266
2021,7838,Income,955
2021,5921,Income,984
2021,5920,Income,989
2021,5919,Income,994
2021,7839,Income,1013
2021,4931,Income,1014
2021,7840,Income,1079
2021,7841,Income,1162
2021,6803,Income,1020
2021,6804,Income,1042
2021,6805,Income,1048
2021,6806,Income,1072
2021,9023,Income,1206
2021,9024,Income,1219
2021,9025,Income,1233
2021,5918,Income,1000
2021,7373,Income,1030
2021,5321,Income,1082
2021,5320,Income,1082
2021,5319,Income,1082
2021,4674,Income,1424
2021,8528,Income,1083
2021,8529,Income,1089
2021,6818,Income,1083
2021,6819,Income,1090
2021,6820,Income,1098
2021,6821,Income,1107
2021,7374,Income,1035
2021,7375,Income,1050
2021,7376,Income,1063
2021,5906,Income,1096
2021,5905,Income,1089
2021,5904,Income,1085
2021,5903,Income,1078
2021,8530,Income,1086
2021,8531,Income,1075
2021,4778,Income,1201
2021,7853,Income,1025
2021,6833,Income,1000
2021,6834,Income,992
2021,6835,Income,984
2021,6836,Income,976
2021,7854,Income,999
2021,7855,Income,1179
2021,7856,Income,1207
2021,5709,Income,1210
2021,5708,Income,1196
2021,7028,Income,483
2021,5891,Income,1051
2021,5318,Income,1082
2021,4930,Income,1034
2021,4929,Income,1004
2021,4928,Income,1008
2021,6848,Income,1123
2021,6849,Income,1139
2021,6850,Income,1150
2021,6851,Income,1165
2021,5590,Income,1421
2021,5589,Income,1416
2021,5588,Income,1415
2021,5890,Income,1028
2021,5889,Income,1022
2021,5888,Income,992
2021,5756,Income,1436
2021,8678,Income,1137
2021,4673,Income,1424
2021,8679,Income,1155
2021,8680,Income,1164
2021,6863,Income,1209
2021,6864,Income,1211
2021,6865,Income,1238
2021,6866,Income,1257
2021,7868,Income,789
2021,7869,Income,774
2021,7870,Income,767
2021,7871,Income,786
2021,8681,Income,1180
2021,5876,Income,1025
2021,5875,Income,989
2021,4601,Income,1162
2021,8543,Income,1045
2021,8544,Income,1050
2021,8545,Income,1064
2021,6878,Income,962
2021,6879,Income,990
2021,6880,Income,1032
2021,6881,Income,1079
2021,7388,Income,1061
2021,7389,Income,1057
2021,5306,Income,1172
2021,5874,Income,983
2021,5873,Income,978
2021,5305,Income,1172
2021,5304,Income,1152
2021,8546,Income,1084
2021,5303,Income,1152
2021,7390,Income,1065
2021,4630,Income,1041
2021,6893,Income,1021
2021,6894,Income,1043
2021,6895,Income,1041
2021,6896,Income,1064
2021,4629,Income,1026
2021,8813,Income,350
2021,7883,Income,1199
2021,7884,Income,1191
2021,5861,Income,1017
2021,5860,Income,1028
2021,5859,Income,978
2021,7885,Income,1204
2021,7886,Income,1207
2021,4916,Income,1070
2021,4915,Income,1106
2021,6908,Income,933
2021,6909,Income,973
2021,6910,Income,1023
2021,6911,Income,1080
2021,7391,Income,1062
2021,5755,Income,1436
2021,7029,Income,434
2021,5858,Income,1000
2021,4660,Income,1233
2021,7178,Income,1081
2021,7179,Income,1081
2021,4600,Income,1262
2021,4599,Income,1158
2021,4583,Income,1068
2021,8993,Income,953
2021,6923,Income,963
2021,6924,Income,1022
2021,6925,Income,1089
2021,6926,Income,1173
2021,5291,Income,1002
2021,8814,Income,309
2021,8815,Income,301
2021,5846,Income,1082
2021,5845,Income,1096
2021,5844,Income,1058
2021,5843,Income,1076
2021,8558,Income,1057
2021,8559,Income,1056
2021,8560,Income,1055
2021,8561,Income,1130
2021,6938,Income,1047
2021,6939,Income,1022
2021,6940,Income,1173
2021,6941,Income,1213
2021,8816,Income,350
2021,5576,Income,1247
2021,7898,Income,338
2021,7899,Income,298
2021,7900,Income,290
2021,7901,Income,338
2021,5831,Income,1057
2021,5575,Income,1234
2021,7180,Income,1081
2021,7181,Income,1081
2021,4914,Income,1043
2021,6953,Income,814
2021,6954,Income,795
2021,6955,Income,787
2021,6956,Income,810
2021,5290,Income,1002
2021,5289,Income,999
2021,5288,Income,999
2021,5830,Income,1077
2021,5829,Income,1062
2021,5828,Income,1029
2021,4659,Income,1220
2021,4913,Income,1001
2021,9146,Income,1126
2021,7403,Income,1194
2021,8994,Income,953
2021,6968,Income,1251
2021,6969,Income,1248
2021,6970,Income,1279
2021,6971,Income,1280
2021,4766,Income,1227
2021,4765,Income,1220
2021,7913,Income,842
2021,7914,Income,831
2021,7915,Income,823
2021,5816,Income,1222
2021,5815,Income,1131
2021,8995,Income,953
2021,8996,Income,953
2021,7916,Income,838
2021,8573,Income,1006
2021,6983,Income,334
2021,6984,Income,295
2021,6985,Income,287
2021,6986,Income,334
2021,7404,Income,1217
2021,7405,Income,1230
2021,7406,Income,1242
2021,5814,Income,1107
2021,5813,Income,1075
2021,7088,Income,1205
2021,7089,Income,1256
2021,8574,Income,1043
2021,8575,Income,1080
2021,8576,Income,1063
2021,5276,Income,1568
2021,6998,Income,860
2021,6999,Income,849
2021,7000,Income,842
2021,7001,Income,856
2021,5275,Income,1577
2021,4764,Income,1198
2021,4763,Income,1190
2021,4628,Income,1021
2021,5801,Income,1107
2021,5800,Income,1076
2021,5799,Income,1053
2021,7090,Income,1246
2021,7928,Income,1040
2021,7929,Income,1037
2021,4901,Income,1135
2021,7013,Income,1012
2021,7014,Income,1020
2021,7930,Income,1056
2021,7931,Income,1077
2021,5574,Income,1221
2021,5573,Income,1198
2021,5696,Income,1238
2021,5274,Income,1504
2021,5273,Income,1488
2021,5695,Income,1221
2021,4841,Income,1440
2021,9144,Income,1091
2021,9145,Income,1112
2021,8828,Income,826
2021,8829,Income,817
2021,7943,Income,500
2021,7944,Income,461
2021,7945,Income,469
2021,7946,Income,488
2021,4840,Income,1440
2021,4839,Income,1342
2021,9026,Income,1246
2021,7418,Income,1339
2021,5261,Income,1387
2021,5260,Income,1362
2021,5259,Income,1369
2021,8830,Income,809
2021,8831,Income,822
2021,7419,Income,1341
2021,7420,Income,1347
2021,7958,Income,1171
2021,7959,Income,1192
2021,7960,Income,1226
2021,7961,Income,1281
2021,7421,Income,1343
2021,7091,Income,1290
2021,7030,Income,451
2021,5258,Income,1333
2021,4871,Income,1073
2021,9010,Income,1080
2021,5561,Income,1054
2021,5560,Income,1057
2021,5559,Income,1049
2021,7193,Income,1177
2021,7194,Income,1191
2021,7973,Income,1051
2021,7974,Income,1088
2021,7975,Income,1124
2021,7976,Income,1144
2021,7195,Income,1206
2021,8693,Income,1194
2021,7433,Income,1067
2021,5246,Income,1051
2021,5245,Income,1042
2021,5244,Income,1037
2021,5243,Income,1038
2021,4751,Income,1004
2021,9128,Income,976
2021,9129,Income,990
2021,9068,Income,1289
2021,7988,Income,1104
2021,7989,Income,1092
2021,7990,Income,1101
2021,7991,Income,1109
2021,7434,Income,1072
2021,7435,Income,1079
2021,7436,Income,1075
2021,7196,Income,1221
2021,7031,Income,473
2021,4900,Income,1058
2021,5231,Income,1193
2021,9069,Income,1303
2021,8843,Income,1044
2021,8844,Income,1046
2021,8845,Income,1073
2021,8003,Income,1222
2021,8004,Income,1243
2021,8005,Income,1240
2021,8006,Income,1290
2021,5558,Income,1053
2021,5754,Income,1339
2021,5694,Income,1210
2021,5230,Income,1178
2021,5229,Income,1143
2021,5228,Income,1110
2021,5693,Income,1196
2021,8846,Income,1091
2021,8694,Income,1197
2021,8695,Income,1220
2021,8696,Income,1241
2021,8018,Income,1403
2021,8019,Income,1405
2021,8020,Income,1437
2021,8021,Income,1478
2021,5753,Income,1339
2021,7448,Income,1870
2021,7449,Income,1866
2021,7450,Income,1866
2021,7451,Income,1864
2021,5216,Income,1120
2021,5215,Income,1089
2021,4750,Income,1000
2021,4749,Income,1001
2021,4748,Income,976
2021,4899,Income,1042
2021,8033,Income,1094
2021,8034,Income,1094
2021,8035,Income,1105
2021,8036,Income,1105
2021,9011,Income,1080
2021,5771,Income,1082
2021,5546,Income,1060
2021,5214,Income,1060
2021,5213,Income,1046
2021,5545,Income,1046
2021,5544,Income,1030
2021,9070,Income,1318
2021,9071,Income,1329
2021,5543,Income,1025
2021,8590,Income,1065
2021,8048,Income,1197
2021,8049,Income,1197
2021,8050,Income,1221
2021,8051,Income,1221
2021,8633,Income,1048
2021,4838,Income,1342
2021,7208,Income,999
2021,7463,Income,1004
2021,5201,Income,460
2021,5200,Income,436
2021,5199,Income,416
2021,8858,Income,486
2021,8859,Income,437
2021,8860,Income,454
2021,8861,Income,476
2021,8063,Income,1198
2021,8064,Income,1198
2021,8065,Income,1198
2021,8066,Income,1198
2021,7464,Income,1031
2021,7465,Income,1030
2021,7466,Income,1033
2021,5198,Income,476
2021,7209,Income,1005
2021,7210,Income,1025
2021,7211,Income,1046
2021,8603,Income,974
2021,8604,Income,957
2021,8605,Income,998
2021,5531,Income,1098
2021,8078,Income,983
2021,8079,Income,983
2021,8080,Income,983
2021,8081,Income,983
2021,7015,Income,1047
2021,7103,Income,1371
2021,5681,Income,1233
2021,5186,Income,1107
2021,5185,Income,1091
2021,5184,Income,1072
2021,5183,Income,1070
2021,4646,Income,1042
2021,4736,Income,1042
2021,4735,Income,1039
2021,4645,Income,1042
2021,8093,Income,1101
2021,8094,Income,1101
2021,8095,Income,1101
2021,8096,Income,1101
2021,7478,Income,1004
2021,7479,Income,1030
2021,7480,Income,1028
2021,7481,Income,1031
2021,5680,Income,1224
2021,5679,Income,1203
2021,5171,Income,940
2021,8634,Income,1068
2021,5530,Income,1085
2021,4616,Income,1120
2021,8873,Income,1081
2021,8108,Income,1195
2021,8109,Income,1209
2021,8110,Income,1223
2021,8111,Income,1236
2021,5529,Income,1058
2021,5528,Income,1059
2021,8635,Income,1075
2021,5170,Income,927
2021,5169,Income,931
2021,5168,Income,943
2021,4644,Income,1036
2021,8874,Income,1101
2021,8875,Income,1129
2021,8876,Income,1170
2021,4643,Income,1042
2021,8123,Income,1016
2021,8124,Income,1025
2021,8125,Income,1043
2021,8126,Income,1065
2021,8708,Income,979
2021,8709,Income,1000
2021,7493,Income,1008
2021,7494,Income,1043
2021,7495,Income,1049
2021,5156,Income,358
2021,5155,Income,307
2021,7496,Income,1048
2021,8636,Income,1097
2021,4734,Income,1034
2021,4733,Income,1005
2021,8138,Income,1136
2021,8139,Income,1140
2021,8140,Income,1140
2021,8141,Income,1162
2021,7104,Income,1373
2021,7223,Income,1106
2021,7224,Income,1099
2021,5154,Income,316
2021,5153,Income,358
2021,7225,Income,1110
2021,5516,Income,1154
2021,5515,Income,1274
2021,8710,Income,1041
2021,4615,Income,1112
2021,9130,Income,987
2021,8153,Income,1279
2021,8154,Income,1291
2021,8155,Income,1306
2021,8156,Income,1317
2021,8711,Income,1082
2021,7226,Income,1146
2021,7105,Income,1408
2021,7508,Income,1196
2021,5141,Income,1274
2021,5140,Income,1270
2021,5139,Income,1251
2021,9131,Income,1049
2021,7509,Income,1205
2021,8888,Income,1061
2021,8889,Income,1105
2021,8168,Income,826
2021,8169,Income,826
2021,8170,Income,824
2021,8171,Income,768
2021,7510,Income,1227
2021,7511,Income,1235
2021,7106,Income,1438
2021,5138,Income,1256
2021,8591,Income,1051
2021,5678,Income,1193
2021,5514,Income,1149
2021,8890,Income,1153
2021,8891,Income,1176
2021,5513,Income,1080
2021,5798,Income,1038
2021,8183,Income,1201
2021,8184,Income,1229
2021,8185,Income,1236
2021,8186,Income,1244
2021,5786,Income,1071
2021,7058,Income,1047
2021,4826,Income,1419
2021,5126,Income,916
2021,5125,Income,898
2021,5124,Income,903
2021,5123,Income,918
2021,4825,Income,1419
2021,4824,Income,1325
2021,4721,Income,1032
2021,4720,Income,1029
2021,8198,Income,965
2021,8199,Income,978
2021,8200,Income,975
2021,8201,Income,1034
2021,7523,Income,1190
2021,7524,Income,1203
2021,7525,Income,1213
2021,7526,Income,1229
2021,5741,Income,1412
2021,5740,Income,1411
2021,5111,Income,1134
2021,4719,Income,1024
2021,4870,Income,1085
2021,9083,Income,821
2021,9084,Income,820
2021,8213,Income,965
2021,8214,Income,978
2021,8215,Income,975
2021,8216,Income,1034
2021,4869,Income,1087
2021,5501,Income,1112
2021,5500,Income,1118
2021,5110,Income,1104
2021,5109,Income,971
2021,5108,Income,984
2021,5499,Income,1087
2021,9085,Income,818
2021,8903,Income,1093
2021,8904,Income,1081
2021,8905,Income,1090
2021,8228,Income,1087
2021,8229,Income,1100
2021,8230,Income,1120
2021,8231,Income,1134
2021,4823,Income,1325
2021,7238,Income,1272
2021,7239,Income,1284
2022,8082,Income,998
2022,7017,Income,1059
2022,7018,Income,1067
2022,7019,Income,1083
2022,5789,Income,1086
2022,5788,Income,1103
2022,5787,Income,1084
2022,8998,Income,967
2022,8999,Income,967
2022,7032,Income,442
2022,7033,Income,400
2022,7034,Income,423
2022,4662,Income,1261
2022,7047,Income,1160
2022,7048,Income,1188
2022,7049,Income,1218
2022,5774,Income,1099
2022,5773,Income,1114
2022,5772,Income,1095
2022,8592,Income,1080
2022,8593,Income,1087
2022,7062,Income,1164
2022,7063,Income,1187
2022,7064,Income,1208
2022,5759,Income,1541
2022,8594,Income,1093
2022,4889,Income,1109
2022,4888,Income,1088
2022,7077,Income,1087
2022,7078,Income,1098
2022,7079,Income,1081
2022,5758,Income,1436
2022,5757,Income,1436
2022,4887,Income,1060
2022,7092,Income,1248
2022,7093,Income,1311
2022,7094,Income,1304
2022,5744,Income,1513
2022,5743,Income,1412
2022,9147,Income,1152
2022,7107,Income,1475
2022,7108,Income,1467
2022,7109,Income,1552
2022,5742,Income,1412
2022,8607,Income,968
2022,8608,Income,991
2022,8609,Income,1035
2022,7122,Income,1102
2022,7123,Income,1102
2022,7124,Income,1122
2022,5729,Income,1350
2022,5728,Income,1327
2022,5727,Income,1300
2022,7137,Income,1151
2022,7138,Income,1151
2022,7139,Income,1198
2022,9148,Income,1175
2022,7152,Income,1222
2022,7153,Income,1222
2022,7154,Income,1222
2022,5714,Income,1287
2022,5713,Income,1271
2022,5712,Income,1253
2022,7167,Income,965
2022,7168,Income,965
2022,7169,Income,965
2022,5699,Income,1287
2022,8622,Income,1071
2022,8623,Income,1115
2022,8624,Income,1134
2022,4874,Income,1088
2022,7182,Income,1091
2022,7183,Income,1091
2022,7184,Income,1091
2022,5698,Income,1271
2022,5697,Income,1253
2022,4873,Income,1106
2022,4872,Income,1087
2022,7197,Income,1234
2022,7198,Income,1246
2022,7199,Income,1257
2022,5684,Income,1284
2022,5683,Income,1262
2022,9012,Income,1090
2022,9013,Income,1090
2022,7212,Income,1065
2022,7213,Income,1083
2022,7214,Income,1097
2022,5682,Income,1246
2022,8637,Income,1125
2022,7227,Income,1143
2022,7228,Income,1199
2022,7229,Income,1206
2022,5669,Income,1061
2022,5668,Income,1044
2022,5667,Income,1016
2022,8638,Income,1143
2022,8639,Income,1185
2022,7242,Income,1320
2022,7243,Income,1325
2022,7244,Income,1331
2022,4859,Income,1099
2022,9014,Income,1090
2022,7257,Income,757
2022,7258,Income,716
2022,7259,Income,759
2022,5654,Income,1056
2022,5653,Income,1040
2022,5652,Income,1029
2022,4649,Income,1091
2022,4648,Income,1075
2022,7272,Income,1253
2022,7273,Income,1278
2022,7274,Income,1282
2022,5639,Income,1057
2022,8652,Income,1126
2022,8653,Income,1142
2022,7287,Income,1132
2022,7288,Income,1251
2022,7289,Income,1327
2022,5638,Income,1040
2022,5637,Income,1027
2022,8654,Income,1156
2022,4858,Income,1114
2022,4857,Income,1094
2022,7302,Income,1132
2022,7303,Income,1251
2022,7304,Income,1327
2022,5624,Income,1939
2022,5623,Income,1939
2022,4647,Income,1065
2022,7317,Income,1157
2022,7318,Income,1180
2022,7319,Income,1204
2022,5622,Income,1937
2022,7332,Income,1156
2022,7333,Income,1173
2022,7334,Income,1223
2022,5609,Income,1136
2022,5608,Income,1108
2022,5607,Income,1088
2022,8667,Income,998
2022,8668,Income,1002
2022,8669,Income,1016
2022,7347,Income,1244
2022,7348,Income,1245
2022,7349,Income,1470
2022,4844,Income,1544
2022,4843,Income,1440
2022,7362,Income,1139
2022,7363,Income,1141
2022,7364,Income,1172
2022,5594,Income,1489
2022,5593,Income,1470
2022,5592,Income,1456
2022,9117,Income,1184
2022,7377,Income,1088
2022,7378,Income,1110
2022,7379,Income,1135
2022,5579,Income,1318
2022,7392,Income,1086
2022,7393,Income,1096
2022,7394,Income,1117
2022,5578,Income,1294
2022,5577,Income,1262
2022,8682,Income,1186
2022,8683,Income,1206
2022,8684,Income,1219
2022,4842,Income,1440
2022,7407,Income,1256
2022,7408,Income,1288
2022,7409,Income,1311
2022,5564,Income,1105
2022,5563,Income,1086
2022,7422,Income,1377
2022,7423,Income,1391
2022,7424,Income,1411
2022,5562,Income,1077
2022,9027,Income,1260
2022,9028,Income,1270
2022,9029,Income,1282
2022,7437,Income,1090
2022,7438,Income,1108
2022,7439,Income,1135
2022,5549,Income,1131
2022,5548,Income,1107
2022,5547,Income,1086
2022,8697,Income,1241
2022,7452,Income,1943
2022,7453,Income,1945
2022,7454,Income,1945
2022,8698,Income,1290
2022,8699,Income,1320
2022,4829,Income,1520
2022,7467,Income,1026
2022,7468,Income,1035
2022,7469,Income,1048
2022,5534,Income,1170
2022,5533,Income,1137
2022,5532,Income,1133
2022,4828,Income,1420
2022,4827,Income,1419
2022,7482,Income,1025
2022,7483,Income,1030
2022,7484,Income,1041
2022,5519,Income,1445
2022,7497,Income,1039
2022,7498,Income,1063
2022,7499,Income,1085
2022,5518,Income,1247
2022,5517,Income,1264
2022,8712,Income,1119
2022,8713,Income,1143
2022,7512,Income,1248
2022,7513,Income,1264
2022,7514,Income,1287
2022,5504,Income,1211
2022,5503,Income,1162
2022,8714,Income,1164
2022,7527,Income,1243
2022,7528,Income,1261
2022,7529,Income,1275
2022,5502,Income,1148
2022,9118,Income,1308
2022,9119,Income,1380
2022,7542,Income,1243
2022,7543,Income,1261
2022,7544,Income,1275
2022,5489,Income,1213
2022,5488,Income,1189
2022,5487,Income,1171
2022,4589,Income,1202
2022,7557,Income,1292
2022,7558,Income,1320
2022,7559,Income,1346
2022,8727,Income,1053
2022,8728,Income,1059
2022,8729,Income,1057
2022,7572,Income,1413
2022,7573,Income,1414
2022,7574,Income,1514
2022,5474,Income,1309
2022,5473,Income,1239
2022,5472,Income,1125
2022,4814,Income,1327
2022,4813,Income,1303
2022,4812,Income,1278
2022,7587,Income,1437
2022,7588,Income,1437
2022,7589,Income,1542
2022,5459,Income,1309
2022,7602,Income,1101
2022,7603,Income,1121
2022,7604,Income,1104
2022,5458,Income,1239
2022,5457,Income,1125
2022,7617,Income,1091
2022,7618,Income,1110
2022,7619,Income,1091
2022,5444,Income,1460
2022,5443,Income,1444
2022,8742,Income,1195
2022,8743,Income,1263
2022,8744,Income,1232
2022,7632,Income,1072
2022,7633,Income,1099
2022,7634,Income,1119
2022,5442,Income,1419
2022,4799,Income,1289
2022,9042,Income,1100
2022,7647,Income,1119
2022,7648,Income,1149
2022,7649,Income,1184
2022,5429,Income,732
2022,5428,Income,698
2022,5427,Income,718
2022,9043,Income,1117
2022,9044,Income,1129
2022,4634,Income,1124
2022,7662,Income,1045
2022,7663,Income,1104
2022,7664,Income,1066
2022,8757,Income,1274
2022,7677,Income,1052
2022,7678,Income,1057
2022,7679,Income,1056
2022,5414,Income,1353
2022,5413,Income,1347
2022,5412,Income,1342
2022,8758,Income,1354
2022,8759,Income,1294
2022,4798,Income,1274
2022,4797,Income,1256
2022,7692,Income,941
2022,7693,Income,987
2022,7694,Income,1033
2022,5399,Income,1119
2022,4633,Income,1102
2022,4632,Income,1082
2022,7707,Income,1048
2022,7708,Income,1084
2022,7709,Income,1104
2022,5398,Income,1088
2022,5397,Income,1095
2022,4588,Income,1156
2022,7722,Income,1112
2022,7723,Income,1131
2022,7724,Income,1179
2022,5384,Income,1086
2022,5383,Income,1074
2022,8772,Income,1058
2022,8773,Income,948
2022,7737,Income,1138
2022,7738,Income,1151
2022,7739,Income,1167
2022,5382,Income,1055
2022,8774,Income,1119
2022,4784,Income,1289
2022,7752,Income,1018
2022,7753,Income,1018
2022,7754,Income,1032
2022,5369,Income,1277
2022,5368,Income,1265
2022,5367,Income,1256
2022,4783,Income,1274
2022,4587,Income,1144
2022,9149,Income,1204
2022,7767,Income,1192
2022,7768,Income,1212
2022,7769,Income,1228
2022,7782,Income,1259
2022,7783,Income,1323
2022,7784,Income,1346
2022,5354,Income,1127
2022,5353,Income,1127
2022,5352,Income,1127
2022,8787,Income,790
2022,8788,Income,787
2022,8789,Income,795
2022,7797,Income,1123
2022,7798,Income,1154
2022,7799,Income,1163
2022,5339,Income,948
2022,4782,Income,1256
2022,7812,Income,1088
2022,7813,Income,1087
2022,7814,Income,1083
2022,5338,Income,948
2022,5337,Income,948
2022,9057,Income,1108
2022,7827,Income,1157
2022,7828,Income,1220
2022,7829,Income,1188
2022,5324,Income,1115
2022,5323,Income,1115
2022,7842,Income,1263
2022,7843,Income,1343
2022,7844,Income,1281
2022,5322,Income,1115
2022,8802,Income,1276
2022,8803,Income,1301
2022,8804,Income,1393
2022,7857,Income,1116
2022,7858,Income,1014
2022,7859,Income,1204
2022,5309,Income,1219
2022,5308,Income,1172
2022,5307,Income,1172
2022,4769,Income,1277
2022,4768,Income,1255
2022,4767,Income,1239
2022,9058,Income,1129
2022,7872,Income,788
2022,7873,Income,784
2022,7874,Income,795
2022,9059,Income,1162
2022,7887,Income,1227
2022,7888,Income,1283
2022,7889,Income,1338
2022,5294,Income,1024
2022,5293,Income,1016
2022,5292,Income,1016
2022,8817,Income,336
2022,7902,Income,324
2022,7903,Income,348
2022,7904,Income,287
2022,5279,Income,1772
2022,8818,Income,361
2022,8819,Income,297
2022,7917,Income,842
2022,7918,Income,831
2022,7919,Income,853
2022,5278,Income,1608
2022,5277,Income,1603
2022,4619,Income,1186
2022,7932,Income,1072
2022,7933,Income,1079
2022,7934,Income,1093
2022,5264,Income,1435
2022,5263,Income,1418
2022,7947,Income,460
2022,7948,Income,427
2022,7949,Income,449
2022,5262,Income,1372
2022,8832,Income,827
2022,8833,Income,817
2022,7962,Income,1292
2022,7963,Income,1352
2022,7964,Income,1352
2022,5249,Income,1045
2022,5248,Income,1063
2022,5247,Income,1051
2022,8834,Income,836
2022,4754,Income,1031
2022,4753,Income,1006
2022,4752,Income,998
2022,7977,Income,1146
2022,7978,Income,1169
2022,7979,Income,1205
2022,7992,Income,1109
2022,7993,Income,1122
2022,7994,Income,1098
2022,5234,Income,1260
2022,5233,Income,1228
2022,5232,Income,1200
2022,8007,Income,1266
2022,8008,Income,1322
2022,8009,Income,1314
2022,5219,Income,1232
2022,8847,Income,1084
2022,8848,Income,1093
2022,8849,Income,1118
2022,8022,Income,1517
2022,8023,Income,1504
2022,8024,Income,1583
2022,5218,Income,1193
2022,5217,Income,1137
2022,4739,Income,1052
2022,8037,Income,1118
2022,8038,Income,1118
2022,8039,Income,1140
2022,5204,Income,401
2022,5203,Income,373
2022,9072,Income,1338
2022,9073,Income,1344
2022,8052,Income,1221
2022,8053,Income,1221
2022,8054,Income,1270
2022,5202,Income,421
2022,8067,Income,1242
2022,8068,Income,1242
2022,8069,Income,1242
2022,5189,Income,1132
2022,5188,Income,1111
2022,5187,Income,1101
2022,8862,Income,441
2022,8863,Income,399
2022,8864,Income,422
2022,4738,Income,1038
2022,8083,Income,998
2022,8084,Income,998
2022,4737,Income,1036
2022,9074,Income,1350
2022,8097,Income,1111
2022,8098,Income,1111
2022,8099,Income,1111
2022,5174,Income,956
2022,5173,Income,934
2022,5172,Income,943
2022,4618,Income,1157
2022,4617,Income,1156
2022,8112,Income,1247
2022,8113,Income,1258
2022,8114,Income,1270
2022,5159,Income,304
2022,8877,Income,1181
2022,8127,Income,1084
2022,8128,Income,1103
2022,8129,Income,1114
2022,5158,Income,369
2022,5157,Income,343
2022,8878,Income,1225
2022,8879,Income,1242
2022,8142,Income,1143
2022,8143,Income,1142
2022,8144,Income,1186
2022,5144,Income,1406
2022,5143,Income,1339
2022,4724,Income,1044
2022,4723,Income,1029
2022,8157,Income,1326
2022,8158,Income,1331
2022,8159,Income,1337
2022,5142,Income,1295
2022,9132,Income,1184
2022,8172,Income,768
2022,8173,Income,736
2022,8174,Income,786
2022,5129,Income,927
2022,5128,Income,913
2022,5127,Income,917
2022,8892,Income,1168
2022,8893,Income,1194
2022,8187,Income,1258
2022,8188,Income,1290
2022,8189,Income,1300
2022,8894,Income,1222
2022,4722,Income,1026
2022,8202,Income,1166
2022,8203,Income,1288
2022,8204,Income,1360
2022,5114,Income,1129
2022,5113,Income,959
2022,5112,Income,1045
2022,9133,Income,1308
2022,8217,Income,1166
2022,8218,Income,1288
2022,8219,Income,1360
2022,5099,Income,1283
2022,8232,Income,1162
2022,8233,Income,1185
2022,8234,Income,1211
2022,5098,Income,1346
2022,5097,Income,1267
2022,8907,Income,1101
2022,8908,Income,1114
2022,8909,Income,1098
2022,8247,Income,1158
2022,8248,Income,1174
2022,8249,Income,1223
2022,5084,Income,1135
2022,5083,Income,1166
2022,4709,Income,1939
2022,4708,Income,1938
2022,4707,Income,1936
2022,8262,Income,1253
2022,8263,Income,1246
2022,8264,Income,1468
2022,5082,Income,1107
2022,9087,Income,759
2022,9088,Income,684
2022,9089,Income,731
2022,8277,Income,1133
2022,8278,Income,1133
2022,8279,Income,1166
2022,5069,Income,1106
2022,5068,Income,1111
2022,5067,Income,1109
2022,8292,Income,1081
2022,8293,Income,1101
2022,8294,Income,1125
2022,8922,Income,1299
2022,8923,Income,1355
2022,8924,Income,1370
2022,8307,Income,1070
2022,8308,Income,1077
2022,8309,Income,1095
2022,5054,Income,1120
2022,5053,Income,1116
2022,5052,Income,1083
2022,8322,Income,1246
2022,8323,Income,1278
2022,8324,Income,1301
2022,5039,Income,1370
2022,4604,Income,1446
2022,4603,Income,1266
2022,8337,Income,1263
2022,8338,Income,1278
2022,8339,Income,1301
2022,5038,Income,1349
2022,5037,Income,1283
2022,8937,Income,1502
2022,8352,Income,1088
2022,8353,Income,1107
2022,8354,Income,1135
2022,5024,Income,1177
2022,5023,Income,1164
2022,8938,Income,1513
2022,8939,Income,1616
2022,4694,Income,1132
2022,4693,Income,1105
2022,8367,Income,1942
2022,8368,Income,1942
2022,8369,Income,1944
2022,5022,Income,1146
2022,4692,Income,1086
2022,6239,Income,1118
2022,6238,Income,1118
2022,6237,Income,1118
2022,9134,Income,1380
2022,6252,Income,949
2022,6253,Income,949
2022,6254,Income,949
2022,6224,Income,1227
2022,8382,Income,1019
2022,6267,Income,1099
2022,6268,Income,1099
2022,6269,Income,1099
2022,6223,Income,1182
2022,6222,Income,1182
2022,8383,Income,1024
2022,8384,Income,1035
2022,5009,Income,1020
2022,6282,Income,1252
2022,6283,Income,1263
2022,6284,Income,1276
2022,6209,Income,1049
2022,6208,Income,1037
2022,5008,Income,1004
2022,5007,Income,1003
2022,6207,Income,1037
2022,6297,Income,1075
2022,6298,Income,1098
2022,6299,Income,1112
2022,6312,Income,1177
2022,6313,Income,1181
2022,6314,Income,1217
2022,6194,Income,1537
2022,6193,Income,1448
2022,6192,Income,1452
2022,8397,Income,1013
2022,6327,Income,1333
2022,6328,Income,1338
2022,6329,Income,1344
2022,6179,Income,1367
2022,8398,Income,1011
2022,8399,Income,1024
2022,6342,Income,714
2022,6343,Income,679
2022,6344,Income,723
2022,6178,Income,1361
2022,6177,Income,1318
2022,6357,Income,1305
2022,6358,Income,1342
2022,6359,Income,1357
2022,6164,Income,1052
2022,6163,Income,1068
2022,8952,Income,1137
2022,8953,Income,1137
2022,6372,Income,1116
2022,6373,Income,1230
2022,6374,Income,1307
2022,6162,Income,1057
2022,8412,Income,1034
2022,8413,Income,1068
2022,6387,Income,1116
2022,6388,Income,1230
2022,6389,Income,1307
2022,6149,Income,1202
2022,6148,Income,1180
2022,6147,Income,1155
2022,8414,Income,1076
2022,4994,Income,1112
2022,4993,Income,1098
2022,4992,Income,1087
2022,6402,Income,1169
2022,6403,Income,1188
2022,6404,Income,1212
2022,8954,Income,1150
2022,6417,Income,1154
2022,6418,Income,1168
2022,6419,Income,1215
2022,6134,Income,1390
2022,6133,Income,1390
2022,6132,Income,1321
2022,6432,Income,1278
2022,6433,Income,1255
2022,6434,Income,1462
2022,6119,Income,419
2022,8427,Income,1257
2022,8428,Income,1272
2022,8429,Income,1300
2022,6447,Income,1153
2022,6448,Income,1153
2022,6449,Income,1185
2022,6118,Income,398
2022,6117,Income,453
2022,4979,Income,1119
2022,6462,Income,1082
2022,6463,Income,1104
2022,6464,Income,1127
2022,6104,Income,1090
2022,6103,Income,1077
2022,4679,Income,1494
2022,6477,Income,1084
2022,6478,Income,1096
2022,6479,Income,1117
2022,6102,Income,1069
2022,6492,Income,1257
2022,6493,Income,1289
2022,6494,Income,1312
2022,6089,Income,910
2022,6088,Income,887
2022,6087,Income,897
2022,8442,Income,1234
2022,8443,Income,1250
2022,8444,Income,1262
2022,4978,Income,1078
2022,6507,Income,1393
2022,6508,Income,1404
2022,6509,Income,1421
2022,4977,Income,1061
2022,6522,Income,1079
2022,6523,Income,1096
2022,6524,Income,1122
2022,6074,Income,324
2022,6073,Income,393
2022,6072,Income,366
2022,6537,Income,1936
2022,6538,Income,1938
2022,6539,Income,1938
2022,6059,Income,1404
2022,8457,Income,1234
2022,6552,Income,1014
2022,6553,Income,1026
2022,6554,Income,1036
2022,6058,Income,1325
2022,6057,Income,1287
2022,8458,Income,1250
2022,8459,Income,1262
2022,6567,Income,1008
2022,6568,Income,1016
2022,6569,Income,1025
2022,6044,Income,881
2022,6043,Income,861
2022,4964,Income,1078
2022,4963,Income,1052
2022,8967,Income,1159
2022,6582,Income,1019
2022,6583,Income,1044
2022,6584,Income,1060
2022,6042,Income,868
2022,8968,Income,1159
2022,8969,Income,1205
2022,6597,Income,1240
2022,6598,Income,1256
2022,6599,Income,1277
2022,6029,Income,1196
2022,6028,Income,1036
2022,6027,Income,1178
2022,8472,Income,1300
2022,8473,Income,1326
2022,6612,Income,1240
2022,6613,Income,1258
2022,6614,Income,1272
2022,8474,Income,1352
2022,4962,Income,1022
2022,6627,Income,1240
2022,6628,Income,1258
2022,6629,Income,1272
2022,6014,Income,1286
2022,6013,Income,1349
2022,6012,Income,1270
2022,4678,Income,1479
2022,4677,Income,1469
2022,6642,Income,1266
2022,6643,Income,1300
2022,6644,Income,1323
2022,5999,Income,1158
2022,6657,Income,1407
2022,6658,Income,1408
2022,6659,Income,1508
2022,5998,Income,1193
2022,5997,Income,1135
2022,8487,Income,1414
2022,8488,Income,1415
2022,8489,Income,1513
2022,6672,Income,1434
2022,6673,Income,1434
2022,6674,Income,1538
2022,5984,Income,1072
2022,5983,Income,1076
2022,4949,Income,1116
2022,4948,Income,1073
2022,4947,Income,997
2022,6687,Income,1100
2022,6688,Income,1120
2022,6689,Income,1104
2022,5982,Income,1076
2022,9102,Income,1294
2022,9103,Income,1328
2022,9104,Income,1340
2022,4602,Income,1286
2022,6702,Income,1090
2022,6703,Income,1109
2022,6704,Income,1091
2022,5969,Income,1141
2022,5968,Income,1143
2022,5967,Income,1112
2022,6717,Income,1099
2022,6718,Income,1122
2022,6719,Income,1142
2022,8502,Income,1435
2022,8503,Income,1435
2022,8504,Income,1539
2022,6732,Income,1157
2022,6733,Income,1176
2022,6734,Income,1205
2022,5954,Income,1354
2022,5953,Income,1336
2022,5952,Income,1265
2022,6747,Income,1042
2022,6748,Income,1097
2022,6749,Income,1060
2022,5939,Income,1180
2022,6762,Income,1085
2022,6763,Income,1099
2022,6764,Income,1100
2022,5938,Income,1165
2022,5937,Income,1148
2022,8517,Income,1105
2022,6777,Income,1018
2022,6778,Income,1044
2022,6779,Income,1067
2022,5924,Income,1022
2022,5923,Income,1006
2022,8518,Income,1125
2022,8519,Income,1108
2022,4934,Income,1075
2022,4933,Income,1066
2022,6792,Income,1050
2022,6793,Income,1084
2022,6794,Income,1107
2022,5922,Income,1001
2022,4932,Income,1038
2022,8982,Income,1294
2022,8983,Income,1294
2022,6807,Income,1100
2022,6808,Income,1119
2022,6809,Income,1160
2022,5909,Income,1135
2022,5908,Income,1120
2022,5907,Income,1105
2022,8984,Income,1294
2022,6822,Income,1117
2022,6823,Income,1136
2022,6824,Income,1152
2022,8532,Income,1092
2022,8533,Income,1111
2022,6837,Income,999
2022,6838,Income,999
2022,6839,Income,1019
2022,5894,Income,1153
2022,5893,Income,1101
2022,5892,Income,1080
2022,8534,Income,1089
2022,6852,Income,1172
2022,6853,Income,1189
2022,6854,Income,1202
2022,5879,Income,1110
2022,4919,Income,1098
2022,4664,Income,1318
2022,4663,Income,1294
2022,6867,Income,1257
2022,6868,Income,1323
2022,6869,Income,1344
2022,5878,Income,1087
2022,5877,Income,1042
2022,6882,Income,1126
2022,6883,Income,1161
2022,6884,Income,1165
2022,5864,Income,1040
2022,5863,Income,1034
2022,8547,Income,1094
2022,8548,Income,1120
2022,8549,Income,1138
2022,6897,Income,1096
2022,6898,Income,1095
2022,6899,Income,1088
2022,5862,Income,1010
2022,4918,Income,1134
2022,4917,Income,1066
2022,6912,Income,1153
2022,6913,Income,1216
2022,6914,Income,1183
2022,5849,Income,1136
2022,5848,Income,1126
2022,5847,Income,1104
2022,6927,Income,1276
2022,6928,Income,1355
2022,6929,Income,1292
2022,6942,Income,1097
2022,6943,Income,1022
2022,6944,Income,1213
2022,5834,Income,1078
2022,5833,Income,1103
2022,5832,Income,1047
2022,8562,Income,1109
2022,8563,Income,1146
2022,8564,Income,1166
2022,6957,Income,811
2022,6958,Income,808
2022,6959,Income,813
2022,5819,Income,1221
2022,4904,Income,1163
2022,4903,Income,1139
2022,6972,Income,1286
2022,6973,Income,1301
2022,6974,Income,1412
2022,5818,Income,1202
2022,5817,Income,1186
2022,8997,Income,967
2022,6987,Income,320
2022,6988,Income,344
2022,6989,Income,284
2022,5804,Income,1152
2022,5803,Income,1132
2022,8577,Income,1046
2022,7002,Income,860
2022,7003,Income,849
2022,7004,Income,871
2022,5802,Income,1107
2022,8578,Income,1091
2022,8579,Income,1051
2022,4902,Income,1121
