ID,year
0,2019
1,2019
2,2019
3,2019
4,2020
5,2020
6,2020
7,2020
8,2021
9,2021
10,2021
11,2021
12,2022
13,2022
14,2022
15,2019
16,2019
17,2019
18,2019
19,2020
20,2020
21,2020
22,2020
23,2021
24,2021
25,2021
26,2021
27,2022
28,2022
29,2022
30,2019
31,2019
32,2019
33,2019
34,2020
35,2020
36,2020
37,2020
38,2021
39,2021
40,2021
41,2021
42,2022
43,2022
44,2022
45,2019
46,2019
47,2019
48,2019
49,2020
50,2020
51,2020
52,2020
53,2021
54,2021
55,2021
56,2021
57,2022
58,2022
59,2022
60,2019
61,2019
62,2019
63,2019
64,2020
65,2020
66,2020
67,2020
68,2021
69,2021
70,2021
71,2021
72,2022
73,2022
74,2022
75,2019
76,2019
77,2019
78,2019
79,2020
80,2020
81,2020
82,2020
83,2021
84,2021
85,2021
86,2021
87,2022
88,2022
89,2022
90,2019
91,2019
92,2019
93,2019
94,2020
95,2020
96,2020
97,2020
98,2021
99,2021
100,2021
101,2021
102,2022
103,2022
104,2022
105,2019
106,2019
107,2019
108,2019
109,2020
110,2020
111,2020
112,2020
113,2021
114,2021
115,2021
116,2021
117,2022
118,2022
119,2022
120,2019
121,2019
122,2019
123,2019
124,2020
125,2020
126,2020
127,2020
128,2021
129,2021
130,2021
131,2021
132,2022
133,2022
134,2022
135,2019
136,2019
137,2019
138,2019
139,2020
140,2020
141,2020
142,2020
143,2021
144,2021
145,2021
146,2021
147,2022
148,2022
149,2022
150,2019
151,2019
152,2019
153,2019
154,2020
155,2020
156,2020
157,2020
158,2021
159,2021
160,2021
161,2021
162,2022
163,2022
164,2022
165,2019
166,2019
167,2019
168,2019
169,2020
170,2020
171,2020
172,2020
173,2021
174,2021
175,2021
176,2021
177,2022
178,2022
179,2022
180,2019
181,2019
182,2019
183,2019
184,2020
185,2020
186,2020
187,2020
188,2021
189,2021
190,2021
191,2021
192,2022
193,2022
194,2022
195,2019
196,2019
197,2019
198,2019
199,2020
200,2020
201,2020
202,2020
203,2021
204,2021
205,2021
206,2021
207,2022
208,2022
209,2022
210,2019
211,2019
212,2019
213,2019
214,2020
215,2020
216,2020
217,2020
218,2021
219,2021
220,2021
221,2021
222,2022
223,2022
224,2022
225,2019
226,2019
227,2019
228,2019
229,2020
230,2020
231,2020
232,2020
233,2021
234,2021
235,2021
236,2021
237,2022
238,2022
239,2022
240,2019
241,2019
242,2019
243,2019
244,2020
245,2020
246,2020
247,2020
248,2021
249,2021
250,2021
251,2021
252,2022
253,2022
254,2022
255,2019
256,2019
257,2019
258,2019
259,2020
260,2020
261,2020
262,2020
263,2021
264,2021
265,2021
266,2021
267,2022
268,2022
269,2022
270,2019
271,2019
272,2019
273,2019
274,2020
275,2020
276,2020
277,2020
278,2021
279,2021
280,2021
281,2021
282,2022
283,2022
284,2022
285,2019
286,2019
287,2019
288,2019
289,2020
290,2020
291,2020
292,2020
293,2021
294,2021
295,2021
296,2021
297,2022
298,2022
299,2022
300,2019
301,2019
302,2019
303,2019
304,2020
305,2020
306,2020
307,2020
308,2021
309,2021
310,2021
311,2021
312,2022
313,2022
314,2022
315,2019
316,2019
317,2019
318,2019
319,2020
320,2020
321,2020
322,2020
323,2021
324,2021
325,2021
326,2021
327,2022
328,2022
329,2022
330,2019
331,2019
332,2019
333,2019
334,2020
335,2020
336,2020
337,2020
338,2021
339,2021
340,2021
341,2021
342,2022
343,2022
344,2022
345,2019
346,2019
347,2019
348,2019
349,2020
350,2020
351,2020
352,2020
353,2021
354,2021
355,2021
356,2021
357,2022
358,2022
359,2022
360,2019
361,2019
362,2019
363,2019
364,2020
365,2020
366,2020
367,2020
368,2021
369,2021
370,2021
371,2021
372,2022
373,2022
374,2022
375,2019
376,2019
377,2019
378,2019
379,2020
380,2020
381,2020
382,2020
383,2021
384,2021
385,2021
386,2021
387,2022
388,2022
389,2022
390,2019
391,2019
392,2019
393,2019
394,2020
395,2020
396,2020
397,2020
398,2021
399,2021
400,2021
401,2021
402,2022
403,2022
404,2022
405,2019
406,2019
407,2019
408,2019
409,2020
410,2020
411,2020
412,2020
413,2021
414,2021
415,2021
416,2021
417,2022
418,2022
419,2022
420,2019
421,2019
422,2019
423,2019
424,2020
425,2020
426,2020
427,2020
428,2021
429,2021
430,2021
431,2021
432,2022
433,2022
434,2022
435,2019
436,2019
437,2019
438,2019
439,2020
440,2020
441,2020
442,2020
443,2021
444,2021
445,2021
446,2021
447,2022
448,2022
449,2022
450,2019
451,2019
452,2019
453,2019
454,2020
455,2020
456,2020
457,2020
458,2021
459,2021
460,2021
461,2021
462,2022
463,2022
464,2022
465,2019
466,2019
467,2019
468,2019
469,2020
470,2020
471,2020
472,2020
473,2021
474,2021
475,2021
476,2021
477,2022
478,2022
479,2022
480,2019
481,2019
482,2019
483,2019
484,2020
485,2020
486,2020
487,2020
488,2021
489,2021
490,2021
491,2021
492,2022
493,2022
494,2022
495,2019
496,2019
497,2019
498,2019
499,2020
500,2020
501,2020
502,2020
503,2021
504,2021
505,2021
506,2021
507,2022
508,2022
509,2022
510,2019
511,2019
512,2019
513,2019
514,2020
515,2020
516,2020
517,2020
518,2021
519,2021
520,2021
521,2021
522,2022
523,2022
524,2022
525,2019
526,2019
527,2019
528,2019
529,2020
530,2020
531,2020
532,2020
533,2021
534,2021
535,2021
536,2021
537,2022
538,2022
539,2022
540,2019
541,2019
542,2019
543,2019
544,2020
545,2020
546,2020
547,2020
548,2021
549,2021
550,2021
551,2021
552,2022
553,2022
554,2022
555,2019
556,2019
557,2019
558,2019
559,2020
560,2020
561,2020
562,2020
563,2021
564,2021
565,2021
566,2021
567,2022
568,2022
569,2022
570,2019
571,2019
572,2019
573,2019
574,2020
575,2020
576,2020
577,2020
578,2021
579,2021
580,2021
581,2021
582,2022
583,2022
584,2022
585,2019
586,2019
587,2019
588,2019
589,2020
590,2020
591,2020
592,2020
593,2021
594,2021
595,2021
596,2021
597,2022
598,2022
599,2022
600,2019
601,2019
602,2019
603,2019
604,2020
605,2020
606,2020
607,2020
608,2021
609,2021
610,2021
611,2021
612,2022
613,2022
614,2022
615,2019
616,2019
617,2019
618,2019
619,2020
620,2020
621,2020
622,2020
623,2021
624,2021
625,2021
626,2021
627,2022
628,2022
629,2022
630,2019
631,2019
632,2019
633,2019
634,2020
635,2020
636,2020
637,2020
638,2021
639,2021
640,2021
641,2021
642,2022
643,2022
644,2022
645,2019
646,2019
647,2019
648,2019
649,2020
650,2020
651,2020
652,2020
653,2021
654,2021
655,2021
656,2021
657,2022
658,2022
659,2022
660,2019
661,2019
662,2019
663,2019
664,2020
665,2020
666,2020
667,2020
668,2021
669,2021
670,2021
671,2021
672,2022
673,2022
674,2022
675,2019
676,2019
677,2019
678,2019
679,2020
680,2020
681,2020
682,2020
683,2021
684,2021
685,2021
686,2021
687,2022
688,2022
689,2022
690,2019
691,2019
692,2019
693,2019
694,2020
695,2020
696,2020
697,2020
698,2021
699,2021
700,2021
701,2021
702,2022
703,2022
704,2022
705,2019
706,2019
707,2019
708,2019
709,2020
710,2020
711,2020
712,2020
713,2021
714,2021
715,2021
716,2021
717,2022
718,2022
719,2022
720,2019
721,2019
722,2019
723,2019
724,2020
725,2020
726,2020
727,2020
728,2021
729,2021
730,2021
731,2021
732,2022
733,2022
734,2022
735,2019
736,2019
737,2019
738,2019
739,2020
740,2020
741,2020
742,2020
743,2021
744,2021
745,2021
746,2021
747,2022
748,2022
749,2022
750,2019
751,2019
752,2019
753,2019
754,2020
755,2020
756,2020
757,2020
758,2021
759,2021
760,2021
761,2021
762,2022
763,2022
764,2022
765,2019
766,2019
767,2019
768,2019
769,2020
770,2020
771,2020
772,2020
773,2021
774,2021
775,2021
776,2021
777,2022
778,2022
779,2022
780,2019
781,2019
782,2019
783,2019
784,2020
785,2020
786,2020
787,2020
788,2021
789,2021
790,2021
791,2021
792,2022
793,2022
794,2022
795,2019
796,2019
797,2019
798,2019
799,2020
800,2020
801,2020
802,2020
803,2021
804,2021
805,2021
806,2021
807,2022
808,2022
809,2022
810,2019
811,2019
812,2019
813,2019
814,2020
815,2020
816,2020
817,2020
818,2021
819,2021
820,2021
821,2021
822,2022
823,2022
824,2022
825,2019
826,2019
827,2019
828,2019
829,2020
830,2020
831,2020
832,2020
833,2021
834,2021
835,2021
836,2021
837,2022
838,2022
839,2022
840,2019
841,2019
842,2019
843,2019
844,2020
845,2020
846,2020
847,2020
848,2021
849,2021
850,2021
851,2021
852,2022
853,2022
854,2022
855,2019
856,2019
857,2019
858,2019
859,2020
860,2020
861,2020
862,2020
863,2021
864,2021
865,2021
866,2021
867,2022
868,2022
869,2022
870,2019
871,2019
872,2019
873,2019
874,2020
875,2020
876,2020
877,2020
878,2021
879,2021
880,2021
881,2021
882,2022
883,2022
884,2022
885,2019
886,2019
887,2019
888,2019
889,2020
890,2020
891,2020
892,2020
893,2021
894,2021
895,2021
896,2021
897,2022
898,2022
899,2022
900,2019
901,2019
902,2019
903,2019
904,2020
905,2020
906,2020
907,2020
908,2021
909,2021
910,2021
911,2021
912,2022
913,2022
914,2022
915,2019
916,2019
917,2019
918,2019
919,2020
920,2020
921,2020
922,2020
923,2021
924,2021
925,2021
926,2021
927,2022
928,2022
929,2022
930,2019
931,2019
932,2019
933,2019
934,2020
935,2020
936,2020
937,2020
938,2021
939,2021
940,2021
941,2021
942,2022
943,2022
944,2022
945,2019
946,2019
947,2019
948,2019
949,2020
950,2020
951,2020
952,2020
953,2021
954,2021
955,2021
956,2021
957,2022
958,2022
959,2022
960,2019
961,2019
962,2019
963,2019
964,2020
965,2020
966,2020
967,2020
968,2021
969,2021
970,2021
971,2021
972,2022
973,2022
974,2022
975,2019
976,2019
977,2019
978,2019
979,2020
980,2020
981,2020
982,2020
983,2021
984,2021
985,2021
986,2021
987,2022
988,2022
989,2022
990,2019
991,2019
992,2019
993,2019
994,2020
995,2020
996,2020
997,2020
998,2021
999,2021
1000,2021
1001,2021
1002,2022
1003,2022
1004,2022
1005,2019
1006,2019
1007,2019
1008,2019
1009,2020
1010,2020
1011,2020
1012,2020
1013,2021
1014,2021
1015,2021
1016,2021
1017,2022
1018,2022
1019,2022
1020,2019
1021,2019
1022,2019
1023,2019
1024,2020
1025,2020
1026,2020
1027,2020
1028,2021
1029,2021
1030,2021
1031,2021
1032,2022
1033,2022
1034,2022
1035,2019
1036,2019
1037,2019
1038,2019
1039,2020
1040,2020
1041,2020
1042,2020
1043,2021
1044,2021
1045,2021
1046,2021
1047,2022
1048,2022
1049,2022
1050,2019
1051,2019
1052,2019
1053,2019
1054,2020
1055,2020
1056,2020
1057,2020
1058,2021
1059,2021
1060,2021
1061,2021
1062,2022
1063,2022
1064,2022
1065,2019
1066,2019
1067,2019
1068,2019
1069,2020
1070,2020
1071,2020
1072,2020
1073,2021
1074,2021
1075,2021
1076,2021
1077,2022
1078,2022
1079,2022
1080,2019
1081,2019
1082,2019
1083,2019
1084,2020
1085,2020
1086,2020
1087,2020
1088,2021
1089,2021
1090,2021
1091,2021
1092,2022
1093,2022
1094,2022
1095,2019
1096,2019
1097,2019
1098,2019
1099,2020
1100,2020
1101,2020
1102,2020
1103,2021
1104,2021
1105,2021
1106,2021
1107,2022
1108,2022
1109,2022
1110,2019
1111,2019
1112,2019
1113,2019
1114,2020
1115,2020
1116,2020
1117,2020
1118,2021
1119,2021
1120,2021
1121,2021
1122,2022
1123,2022
1124,2022
1125,2019
1126,2019
1127,2019
1128,2019
1129,2020
1130,2020
1131,2020
1132,2020
1133,2021
1134,2021
1135,2021
1136,2021
1137,2022
1138,2022
1139,2022
1140,2019
1141,2019
1142,2019
1143,2019
1144,2020
1145,2020
1146,2020
1147,2020
1148,2021
1149,2021
1150,2021
1151,2021
1152,2022
1153,2022
1154,2022
1155,2019
1156,2019
1157,2019
1158,2019
1159,2020
1160,2020
1161,2020
1162,2020
1163,2021
1164,2021
1165,2021
1166,2021
1167,2022
1168,2022
1169,2022
1170,2019
1171,2019
1172,2019
1173,2019
1174,2020
1175,2020
1176,2020
1177,2020
1178,2021
1179,2021
1180,2021
1181,2021
1182,2022
1183,2022
1184,2022
1185,2019
1186,2019
1187,2019
1188,2019
1189,2020
1190,2020
1191,2020
1192,2020
1193,2021
1194,2021
1195,2021
1196,2021
1197,2022
1198,2022
1199,2022
1200,2019
1201,2019
1202,2019
1203,2019
1204,2020
1205,2020
1206,2020
1207,2020
1208,2021
1209,2021
1210,2021
1211,2021
1212,2022
1213,2022
1214,2022
1215,2019
1216,2019
1217,2019
1218,2019
1219,2020
1220,2020
1221,2020
1222,2020
1223,2021
1224,2021
1225,2021
1226,2021
1227,2022
1228,2022
1229,2022
1230,2019
1231,2019
1232,2019
1233,2019
1234,2020
1235,2020
1236,2020
1237,2020
1238,2021
1239,2021
1240,2021
1241,2021
1242,2022
1243,2022
1244,2022
1245,2019
1246,2019
1247,2019
1248,2019
1249,2020
1250,2020
1251,2020
1252,2020
1253,2021
1254,2021
1255,2021
1256,2021
1257,2022
1258,2022
1259,2022
1260,2019
1261,2019
1262,2019
1263,2019
1264,2020
1265,2020
1266,2020
1267,2020
1268,2021
1269,2021
1270,2021
1271,2021
1272,2022
1273,2022
1274,2022
1275,2019
1276,2019
1277,2019
1278,2019
1279,2020
1280,2020
1281,2020
1282,2020
1283,2021
1284,2021
1285,2021
1286,2021
1287,2022
1288,2022
1289,2022
1290,2019
1291,2019
1292,2019
1293,2019
1294,2020
1295,2020
1296,2020
1297,2020
1298,2021
1299,2021
1300,2021
1301,2021
1302,2022
1303,2022
1304,2022
1305,2019
1306,2019
1307,2019
1308,2019
1309,2020
1310,2020
1311,2020
1312,2020
1313,2021
1314,2021
1315,2021
1316,2021
1317,2022
1318,2022
1319,2022
1320,2019
1321,2019
1322,2019
1323,2019
1324,2020
1325,2020
1326,2020
1327,2020
1328,2021
1329,2021
1330,2021
1331,2021
1332,2022
1333,2022
1334,2022
1335,2019
1336,2019
1337,2019
1338,2019
1339,2020
1340,2020
1341,2020
1342,2020
1343,2021
1344,2021
1345,2021
1346,2021
1347,2022
1348,2022
1349,2022
1350,2019
1351,2019
1352,2019
1353,2019
1354,2020
1355,2020
1356,2020
1357,2020
1358,2021
1359,2021
1360,2021
1361,2021
1362,2022
1363,2022
1364,2022
1365,2019
1366,2019
1367,2019
1368,2019
1369,2020
1370,2020
1371,2020
1372,2020
1373,2021
1374,2021
1375,2021
1376,2021
1377,2022
1378,2022
1379,2022
1380,2019
1381,2019
1382,2019
1383,2019
1384,2020
1385,2020
1386,2020
1387,2020
1388,2021
1389,2021
1390,2021
1391,2021
1392,2022
1393,2022
1394,2022
1395,2019
1396,2019
1397,2019
1398,2019
1399,2020
1400,2020
1401,2020
1402,2020
1403,2021
1404,2021
1405,2021
1406,2021
1407,2022
1408,2022
1409,2022
1410,2019
1411,2019
1412,2019
1413,2019
1414,2020
1415,2020
1416,2020
1417,2020
1418,2021
1419,2021
1420,2021
1421,2021
1422,2022
1423,2022
1424,2022
1425,2019
1426,2019
1427,2019
1428,2019
1429,2020
1430,2020
1431,2020
1432,2020
1433,2021
1434,2021
1435,2021
1436,2021
1437,2022
1438,2022
1439,2022
1440,2019
1441,2019
1442,2019
1443,2019
1444,2020
1445,2020
1446,2020
1447,2020
1448,2021
1449,2021
1450,2021
1451,2021
1452,2022
1453,2022
1454,2022
1455,2019
1456,2019
1457,2019
1458,2019
1459,2020
1460,2020
1461,2020
1462,2020
1463,2021
1464,2021
1465,2021
1466,2021
1467,2022
1468,2022
1469,2022
1470,2019
1471,2019
1472,2019
1473,2019
1474,2020
1475,2020
1476,2020
1477,2020
1478,2021
1479,2021
1480,2021
1481,2021
1482,2022
1483,2022
1484,2022
1485,2019
1486,2019
1487,2019
1488,2019
1489,2020
1490,2020
1491,2020
1492,2020
1493,2021
1494,2021
1495,2021
1496,2021
1497,2022
1498,2022
1499,2022
1500,2019
1501,2019
1502,2019
1503,2019
1504,2020
1505,2020
1506,2020
1507,2020
1508,2021
1509,2021
1510,2021
1511,2021
1512,2022
1513,2022
1514,2022
1515,2019
1516,2019
1517,2019
1518,2019
1519,2020
1520,2020
1521,2020
1522,2020
1523,2021
1524,2021
1525,2021
1526,2021
1527,2022
1528,2022
1529,2022
1530,2019
1531,2019
1532,2019
1533,2019
1534,2020
1535,2020
1536,2020
1537,2020
1538,2021
1539,2021
1540,2021
1541,2021
1542,2022
1543,2022
1544,2022
1545,2019
1546,2019
1547,2019
1548,2019
1549,2020
1550,2020
1551,2020
1552,2020
1553,2021
1554,2021
1555,2021
1556,2021
1557,2022
1558,2022
1559,2022
1560,2019
1561,2019
1562,2019
1563,2019
1564,2020
1565,2020
1566,2020
1567,2020
1568,2021
1569,2021
1570,2021
1571,2021
1572,2022
1573,2022
1574,2022
1575,2019
1576,2019
1577,2019
1578,2019
1579,2020
1580,2020
1581,2020
1582,2020
1583,2021
1584,2021
1585,2021
1586,2021
1587,2022
1588,2022
1589,2022
1590,2019
1591,2019
1592,2019
1593,2019
1594,2020
1595,2020
1596,2020
1597,2020
1598,2021
1599,2021
1600,2021
1601,2021
1602,2022
1603,2022
1604,2022
1605,2019
1606,2019
1607,2019
1608,2019
1609,2020
1610,2020
1611,2020
1612,2020
1613,2021
1614,2021
1615,2021
1616,2021
1617,2022
1618,2022
1619,2022
1620,2019
1621,2019
1622,2019
1623,2019
1624,2020
1625,2020
1626,2020
1627,2020
1628,2021
1629,2021
1630,2021
1631,2021
1632,2022
1633,2022
1634,2022
1635,2019
1636,2019
1637,2019
1638,2019
1639,2020
1640,2020
1641,2020
1642,2020
1643,2021
1644,2021
1645,2021
1646,2021
1647,2022
1648,2022
1649,2022
1650,2019
1651,2019
1652,2019
1653,2019
1654,2020
1655,2020
1656,2020
1657,2020
1658,2021
1659,2021
1660,2021
1661,2021
1662,2022
1663,2022
1664,2022
1665,2019
1666,2019
1667,2019
1668,2019
1669,2020
1670,2020
1671,2020
1672,2020
1673,2021
1674,2021
1675,2021
1676,2021
1677,2022
1678,2022
1679,2022
1680,2019
1681,2019
1682,2019
1683,2019
1684,2020
1685,2020
1686,2020
1687,2020
1688,2021
1689,2021
1690,2021
1691,2021
1692,2022
1693,2022
1694,2022
1695,2019
1696,2019
1697,2019
1698,2019
1699,2020
1700,2020
1701,2020
1702,2020
1703,2021
1704,2021
1705,2021
1706,2021
1707,2022
1708,2022
1709,2022
1710,2019
1711,2019
1712,2019
1713,2019
1714,2020
1715,2020
1716,2020
1717,2020
1718,2021
1719,2021
1720,2021
1721,2021
1722,2022
1723,2022
1724,2022
1725,2019
1726,2019
1727,2019
1728,2019
1729,2020
1730,2020
1731,2020
1732,2020
1733,2021
1734,2021
1735,2021
1736,2021
1737,2022
1738,2022
1739,2022
1740,2019
1741,2019
1742,2019
1743,2019
1744,2020
1745,2020
1746,2020
1747,2020
1748,2021
1749,2021
1750,2021
1751,2021
1752,2022
1753,2022
1754,2022
1755,2019
1756,2019
1757,2019
1758,2019
1759,2020
1760,2020
1761,2020
1762,2020
1763,2021
1764,2021
1765,2021
1766,2021
1767,2022
1768,2022
1769,2022
1770,2019
1771,2019
1772,2019
1773,2019
1774,2020
1775,2020
1776,2020
1777,2020
1778,2021
1779,2021
1780,2021
1781,2021
1782,2022
1783,2022
1784,2022
1785,2019
1786,2019
1787,2019
1788,2019
1789,2020
1790,2020
1791,2020
1792,2020
1793,2021
1794,2021
1795,2021
1796,2021
1797,2022
1798,2022
1799,2022
1800,2019
1801,2019
1802,2019
1803,2019
1804,2020
1805,2020
1806,2020
1807,2020
1808,2021
1809,2021
1810,2021
1811,2021
1812,2022
1813,2022
1814,2022
1815,2019
1816,2019
1817,2019
1818,2019
1819,2020
1820,2020
1821,2020
1822,2020
1823,2021
1824,2021
1825,2021
1826,2021
1827,2022
1828,2022
1829,2022
1830,2019
1831,2019
1832,2019
1833,2019
1834,2020
1835,2020
1836,2020
1837,2020
1838,2021
1839,2021
1840,2021
1841,2021
1842,2022
1843,2022
1844,2022
1845,2019
1846,2019
1847,2019
1848,2019
1849,2020
1850,2020
1851,2020
1852,2020
1853,2021
1854,2021
1855,2021
1856,2021
1857,2022
1858,2022
1859,2022
1860,2019
1861,2019
1862,2019
1863,2019
1864,2020
1865,2020
1866,2020
1867,2020
1868,2021
1869,2021
1870,2021
1871,2021
1872,2022
1873,2022
1874,2022
1875,2019
1876,2019
1877,2019
1878,2019
1879,2020
1880,2020
1881,2020
1882,2020
1883,2021
1884,2021
1885,2021
1886,2021
1887,2022
1888,2022
1889,2022
1890,2019
1891,2019
1892,2019
1893,2019
1894,2020
1895,2020
1896,2020
1897,2020
1898,2021
1899,2021
1900,2021
1901,2021
1902,2022
1903,2022
1904,2022
1905,2019
1906,2019
1907,2019
1908,2019
1909,2020
1910,2020
1911,2020
1912,2020
1913,2021
1914,2021
1915,2021
1916,2021
1917,2022
1918,2022
1919,2022
1920,2019
1921,2019
1922,2019
1923,2019
1924,2020
1925,2020
1926,2020
1927,2020
1928,2021
1929,2021
1930,2021
1931,2021
1932,2022
1933,2022
1934,2022
1935,2019
1936,2019
1937,2019
1938,2019
1939,2020
1940,2020
1941,2020
1942,2020
1943,2021
1944,2021
1945,2021
1946,2021
1947,2022
1948,2022
1949,2022
1950,2019
1951,2019
1952,2019
1953,2019
1954,2020
1955,2020
1956,2020
1957,2020
1958,2021
1959,2021
1960,2021
1961,2021
1962,2022
1963,2022
1964,2022
1965,2019
1966,2019
1967,2019
1968,2019
1969,2020
1970,2020
1971,2020
1972,2020
1973,2021
1974,2021
1975,2021
1976,2021
1977,2022
1978,2022
1979,2022
1980,2019
1981,2019
1982,2019
1983,2019
1984,2020
1985,2020
1986,2020
1987,2020
1988,2021
1989,2021
1990,2021
1991,2021
1992,2022
1993,2022
1994,2022
1995,2019
1996,2019
1997,2019
1998,2019
1999,2020
2000,2020
2001,2020
2002,2020
2003,2021
2004,2021
2005,2021
2006,2021
2007,2022
2008,2022
2009,2022
2010,2019
2011,2019
2012,2019
2013,2019
2014,2020
2015,2020
2016,2020
2017,2020
2018,2021
2019,2021
2020,2021
2021,2021
2022,2022
2023,2022
2024,2022
2025,2019
2026,2019
2027,2019
2028,2019
2029,2020
2030,2020
2031,2020
2032,2020
2033,2021
2034,2021
2035,2021
2036,2021
2037,2022
2038,2022
2039,2022
2040,2019
2041,2019
2042,2019
2043,2019
2044,2020
2045,2020
2046,2020
2047,2020
2048,2021
2049,2021
2050,2021
2051,2021
2052,2022
2053,2022
2054,2022
2055,2019
2056,2019
2057,2019
2058,2019
2059,2020
2060,2020
2061,2020
2062,2020
2063,2021
2064,2021
2065,2021
2066,2021
2067,2022
2068,2022
2069,2022
2070,2019
2071,2019
2072,2019
2073,2019
2074,2020
2075,2020
2076,2020
2077,2020
2078,2021
2079,2021
2080,2021
2081,2021
2082,2022
2083,2022
2084,2022
2085,2019
2086,2019
2087,2019
2088,2019
2089,2020
2090,2020
2091,2020
2092,2020
2093,2021
2094,2021
2095,2021
2096,2021
2097,2022
2098,2022
2099,2022
2100,2019
2101,2019
2102,2019
2103,2019
2104,2020
2105,2020
2106,2020
2107,2020
2108,2021
2109,2021
2110,2021
2111,2021
2112,2022
2113,2022
2114,2022
2115,2019
2116,2019
2117,2019
2118,2019
2119,2020
2120,2020
2121,2020
2122,2020
2123,2021
2124,2021
2125,2021
2126,2021
2127,2022
2128,2022
2129,2022
2130,2019
2131,2019
2132,2019
2133,2019
2134,2020
2135,2020
2136,2020
2137,2020
2138,2021
2139,2021
2140,2021
2141,2021
2142,2022
2143,2022
2144,2022
2145,2019
2146,2019
2147,2019
2148,2019
2149,2020
2150,2020
2151,2020
2152,2020
2153,2021
2154,2021
2155,2021
2156,2021
2157,2022
2158,2022
2159,2022
2160,2019
2161,2019
2162,2019
2163,2019
2164,2020
2165,2020
2166,2020
2167,2020
2168,2021
2169,2021
2170,2021
2171,2021
2172,2022
2173,2022
2174,2022
2175,2019
2176,2019
2177,2019
2178,2019
2179,2020
2180,2020
2181,2020
2182,2020
2183,2021
2184,2021
2185,2021
2186,2021
2187,2022
2188,2022
2189,2022
2190,2019
2191,2019
2192,2019
2193,2019
2194,2020
2195,2020
2196,2020
2197,2020
2198,2021
2199,2021
2200,2021
2201,2021
2202,2022
2203,2022
2204,2022
2205,2019
2206,2019
2207,2019
2208,2019
2209,2020
2210,2020
2211,2020
2212,2020
2213,2021
2214,2021
2215,2021
2216,2021
2217,2022
2218,2022
2219,2022
2220,2019
2221,2019
2222,2019
2223,2019
2224,2020
2225,2020
2226,2020
2227,2020
2228,2021
2229,2021
2230,2021
2231,2021
2232,2022
2233,2022
2234,2022
2235,2019
2236,2019
2237,2019
2238,2019
2239,2020
2240,2020
2241,2020
2242,2020
2243,2021
2244,2021
2245,2021
2246,2021
2247,2022
2248,2022
2249,2022
2250,2019
2251,2019
2252,2019
2253,2019
2254,2020
2255,2020
2256,2020
2257,2020
2258,2021
2259,2021
2260,2021
2261,2021
2262,2022
2263,2022
2264,2022
2265,2019
2266,2019
2267,2019
2268,2019
2269,2020
2270,2020
2271,2020
2272,2020
2273,2021
2274,2021
2275,2021
2276,2021
2277,2022
2278,2022
2279,2022
2280,2019
2281,2019
2282,2019
2283,2019
2284,2020
2285,2020
2286,2020
2287,2020
2288,2021
2289,2021
2290,2021
2291,2021
2292,2022
2293,2022
2294,2022
2295,2019
2296,2019
2297,2019
2298,2019
2299,2020
2300,2020
2301,2020
2302,2020
2303,2021
2304,2021
2305,2021
2306,2021
2307,2022
2308,2022
2309,2022
2310,2019
2311,2019
2312,2019
2313,2019
2314,2020
2315,2020
2316,2020
2317,2020
2318,2021
2319,2021
2320,2021
2321,2021
2322,2022
2323,2022
2324,2022
2325,2019
2326,2019
2327,2019
2328,2019
2329,2020
2330,2020
2331,2020
2332,2020
2333,2021
2334,2021
2335,2021
2336,2021
2337,2022
2338,2022
2339,2022
2340,2019
2341,2019
2342,2019
2343,2019
2344,2020
2345,2020
2346,2020
2347,2020
2348,2021
2349,2021
2350,2021
2351,2021
2352,2022
2353,2022
2354,2022
2355,2019
2356,2019
2357,2019
2358,2019
2359,2020
2360,2020
2361,2020
2362,2020
2363,2021
2364,2021
2365,2021
2366,2021
2367,2022
2368,2022
2369,2022
2370,2019
2371,2019
2372,2019
2373,2019
2374,2020
2375,2020
2376,2020
2377,2020
2378,2021
2379,2021
2380,2021
2381,2021
2382,2022
2383,2022
2384,2022
2385,2019
2386,2019
2387,2019
2388,2019
2389,2020
2390,2020
2391,2020
2392,2020
2393,2021
2394,2021
2395,2021
2396,2021
2397,2022
2398,2022
2399,2022
2400,2019
2401,2019
2402,2019
2403,2019
2404,2020
2405,2020
2406,2020
2407,2020
2408,2021
2409,2021
2410,2021
2411,2021
2412,2022
2413,2022
2414,2022
2415,2019
2416,2019
2417,2019
2418,2019
2419,2020
2420,2020
2421,2020
2422,2020
2423,2021
2424,2021
2425,2021
2426,2021
2427,2022
2428,2022
2429,2022
2430,2019
2431,2019
2432,2019
2433,2019
2434,2020
2435,2020
2436,2020
2437,2020
2438,2021
2439,2021
2440,2021
2441,2021
2442,2022
2443,2022
2444,2022
2445,2019
2446,2019
2447,2019
2448,2019
2449,2020
2450,2020
2451,2020
2452,2020
2453,2021
2454,2021
2455,2021
2456,2021
2457,2022
2458,2022
2459,2022
2460,2019
2461,2019
2462,2019
2463,2019
2464,2020
2465,2020
2466,2020
2467,2020
2468,2021
2469,2021
2470,2021
2471,2021
2472,2022
2473,2022
2474,2022
2475,2019
2476,2019
2477,2019
2478,2019
2479,2020
2480,2020
2481,2020
2482,2020
2483,2021
2484,2021
2485,2021
2486,2021
2487,2022
2488,2022
2489,2022
2490,2019
2491,2019
2492,2019
2493,2019
2494,2020
2495,2020
2496,2020
2497,2020
2498,2021
2499,2021
2500,2021
2501,2021
2502,2022
2503,2022
2504,2022
2505,2019
2506,2019
2507,2019
2508,2019
2509,2020
2510,2020
2511,2020
2512,2020
2513,2021
2514,2021
2515,2021
2516,2021
2517,2022
2518,2022
2519,2022
2520,2019
2521,2019
2522,2019
2523,2019
2524,2020
2525,2020
2526,2020
2527,2020
2528,2021
2529,2021
2530,2021
2531,2021
2532,2022
2533,2022
2534,2022
2535,2019
2536,2019
2537,2019
2538,2019
2539,2020
2540,2020
2541,2020
2542,2020
2543,2021
2544,2021
2545,2021
2546,2021
2547,2022
2548,2022
2549,2022
2550,2019
2551,2019
2552,2019
2553,2019
2554,2020
2555,2020
2556,2020
2557,2020
2558,2021
2559,2021
2560,2021
2561,2021
2562,2022
2563,2022
2564,2022
2565,2019
2566,2019
2567,2019
2568,2019
2569,2020
2570,2020
2571,2020
2572,2020
2573,2021
2574,2021
2575,2021
2576,2021
2577,2022
2578,2022
2579,2022
2580,2019
2581,2019
2582,2019
2583,2019
2584,2020
2585,2020
2586,2020
2587,2020
2588,2021
2589,2021
2590,2021
2591,2021
2592,2022
2593,2022
2594,2022
2595,2019
2596,2019
2597,2019
2598,2019
2599,2020
2600,2020
2601,2020
2602,2020
2603,2021
2604,2021
2605,2021
2606,2021
2607,2022
2608,2022
2609,2022
2610,2019
2611,2019
2612,2019
2613,2019
2614,2020
2615,2020
2616,2020
2617,2020
2618,2021
2619,2021
2620,2021
2621,2021
2622,2022
2623,2022
2624,2022
2625,2019
2626,2019
2627,2019
2628,2019
2629,2020
2630,2020
2631,2020
2632,2020
2633,2021
2634,2021
2635,2021
2636,2021
2637,2022
2638,2022
2639,2022
2640,2019
2641,2019
2642,2019
2643,2019
2644,2020
2645,2020
2646,2020
2647,2020
2648,2021
2649,2021
2650,2021
2651,2021
2652,2022
2653,2022
2654,2022
2655,2019
2656,2019
2657,2019
2658,2019
2659,2020
2660,2020
2661,2020
2662,2020
2663,2021
2664,2021
2665,2021
2666,2021
2667,2022
2668,2022
2669,2022
2670,2019
2671,2019
2672,2019
2673,2019
2674,2020
2675,2020
2676,2020
2677,2020
2678,2021
2679,2021
2680,2021
2681,2021
2682,2022
2683,2022
2684,2022
2685,2019
2686,2019
2687,2019
2688,2019
2689,2020
2690,2020
2691,2020
2692,2020
2693,2021
2694,2021
2695,2021
2696,2021
2697,2022
2698,2022
2699,2022
2700,2019
2701,2019
2702,2019
2703,2019
2704,2020
2705,2020
2706,2020
2707,2020
2708,2021
2709,2021
2710,2021
2711,2021
2712,2022
2713,2022
2714,2022
2715,2019
2716,2019
2717,2019
2718,2019
2719,2020
2720,2020
2721,2020
2722,2020
2723,2021
2724,2021
2725,2021
2726,2021
2727,2022
2728,2022
2729,2022
2730,2019
2731,2019
2732,2019
2733,2019
2734,2020
2735,2020
2736,2020
2737,2020
2738,2021
2739,2021
2740,2021
2741,2021
2742,2022
2743,2022
2744,2022
2745,2019
2746,2019
2747,2019
2748,2019
2749,2020
2750,2020
2751,2020
2752,2020
2753,2021
2754,2021
2755,2021
2756,2021
2757,2022
2758,2022
2759,2022
2760,2019
2761,2019
2762,2019
2763,2019
2764,2020
2765,2020
2766,2020
2767,2020
2768,2021
2769,2021
2770,2021
2771,2021
2772,2022
2773,2022
2774,2022
2775,2019
2776,2019
2777,2019
2778,2019
2779,2020
2780,2020
2781,2020
2782,2020
2783,2021
2784,2021
2785,2021
2786,2021
2787,2022
2788,2022
2789,2022
2790,2019
2791,2019
2792,2019
2793,2019
2794,2020
2795,2020
2796,2020
2797,2020
2798,2021
2799,2021
2800,2021
2801,2021
2802,2022
2803,2022
2804,2022
2805,2019
2806,2019
2807,2019
2808,2019
2809,2020
2810,2020
2811,2020
2812,2020
2813,2021
2814,2021
2815,2021
2816,2021
2817,2022
2818,2022
2819,2022
2820,2019
2821,2019
2822,2019
2823,2019
2824,2020
2825,2020
2826,2020
2827,2020
2828,2021
2829,2021
2830,2021
2831,2021
2832,2022
2833,2022
2834,2022
2835,2019
2836,2019
2837,2019
2838,2019
2839,2020
2840,2020
2841,2020
2842,2020
2843,2021
2844,2021
2845,2021
2846,2021
2847,2022
2848,2022
2849,2022
2850,2019
2851,2019
2852,2019
2853,2019
2854,2020
2855,2020
2856,2020
2857,2020
2858,2021
2859,2021
2860,2021
2861,2021
2862,2022
2863,2022
2864,2022
2865,2019
2866,2019
2867,2019
2868,2019
2869,2020
2870,2020
2871,2020
2872,2020
2873,2021
2874,2021
2875,2021
2876,2021
2877,2022
2878,2022
2879,2022
2880,2019
2881,2019
2882,2019
2883,2019
2884,2020
2885,2020
2886,2020
2887,2020
2888,2021
2889,2021
2890,2021
2891,2021
2892,2022
2893,2022
2894,2022
2895,2019
2896,2019
2897,2019
2898,2019
2899,2020
2900,2020
2901,2020
2902,2020
2903,2021
2904,2021
2905,2021
2906,2021
2907,2022
2908,2022
2909,2022
2910,2019
2911,2019
2912,2019
2913,2019
2914,2020
2915,2020
2916,2020
2917,2020
2918,2021
2919,2021
2920,2021
2921,2021
2922,2022
2923,2022
2924,2022
2925,2019
2926,2019
2927,2019
2928,2019
2929,2020
2930,2020
2931,2020
2932,2020
2933,2021
2934,2021
2935,2021
2936,2021
2937,2022
2938,2022
2939,2022
2940,2019
2941,2019
2942,2019
2943,2019
2944,2020
2945,2020
2946,2020
2947,2020
2948,2021
2949,2021
2950,2021
2951,2021
2952,2022
2953,2022
2954,2022
2955,2019
2956,2019
2957,2019
2958,2019
2959,2020
2960,2020
2961,2020
2962,2020
2963,2021
2964,2021
2965,2021
2966,2021
2967,2022
2968,2022
2969,2022
2970,2019
2971,2019
2972,2019
2973,2019
2974,2020
2975,2020
2976,2020
2977,2020
2978,2021
2979,2021
2980,2021
2981,2021
2982,2022
2983,2022
2984,2022
2985,2019
2986,2019
2987,2019
2988,2019
2989,2020
2990,2020
2991,2020
2992,2020
2993,2021
2994,2021
2995,2021
2996,2021
2997,2022
2998,2022
2999,2022
3000,2019
3001,2019
3002,2019
3003,2019
3004,2020
3005,2020
3006,2020
3007,2020
3008,2021
3009,2021
3010,2021
3011,2021
3012,2022
3013,2022
3014,2022
3015,2019
3016,2019
3017,2019
3018,2019
3019,2020
3020,2020
3021,2020
3022,2020
3023,2021
3024,2021
3025,2021
3026,2021
3027,2022
3028,2022
3029,2022
3030,2019
3031,2019
3032,2019
3033,2019
3034,2020
3035,2020
3036,2020
3037,2020
3038,2021
3039,2021
3040,2021
3041,2021
3042,2022
3043,2022
3044,2022
3045,2019
3046,2019
3047,2019
3048,2019
3049,2020
3050,2020
3051,2020
3052,2020
3053,2021
3054,2021
3055,2021
3056,2021
3057,2022
3058,2022
3059,2022
3060,2019
3061,2019
3062,2019
3063,2019
3064,2020
3065,2020
3066,2020
3067,2020
3068,2021
3069,2021
3070,2021
3071,2021
3072,2022
3073,2022
3074,2022
3075,2019
3076,2019
3077,2019
3078,2019
3079,2020
3080,2020
3081,2020
3082,2020
3083,2021
3084,2021
3085,2021
3086,2021
3087,2022
3088,2022
3089,2022
3090,2019
3091,2019
3092,2019
3093,2019
3094,2020
3095,2020
3096,2020
3097,2020
3098,2021
3099,2021
3100,2021
3101,2021
3102,2022
3103,2022
3104,2022
3105,2019
3106,2019
3107,2019
3108,2019
3109,2020
3110,2020
3111,2020
3112,2020
3113,2021
3114,2021
3115,2021
3116,2021
3117,2022
3118,2022
3119,2022
3120,2019
3121,2019
3122,2019
3123,2019
3124,2020
3125,2020
3126,2020
3127,2020
3128,2021
3129,2021
3130,2021
3131,2021
3132,2022
3133,2022
3134,2022
3135,2019
3136,2019
3137,2019
3138,2019
3139,2020
3140,2020
3141,2020
3142,2020
3143,2021
3144,2021
3145,2021
3146,2021
3147,2022
3148,2022
3149,2022
3150,2019
3151,2019
3152,2019
3153,2019
3154,2020
3155,2020
3156,2020
3157,2020
3158,2021
3159,2021
3160,2021
3161,2021
3162,2022
3163,2022
3164,2022
3165,2019
3166,2019
3167,2019
3168,2019
3169,2020
3170,2020
3171,2020
3172,2020
3173,2021
3174,2021
3175,2021
3176,2021
3177,2022
3178,2022
3179,2022
3180,2019
3181,2019
3182,2019
3183,2019
3184,2020
3185,2020
3186,2020
3187,2020
3188,2021
3189,2021
3190,2021
3191,2021
3192,2022
3193,2022
3194,2022
3195,2019
3196,2019
3197,2019
3198,2019
3199,2020
3200,2020
3201,2020
3202,2020
3203,2021
3204,2021
3205,2021
3206,2021
3207,2022
3208,2022
3209,2022
3210,2019
3211,2019
3212,2019
3213,2019
3214,2020
3215,2020
3216,2020
3217,2020
3218,2021
3219,2021
3220,2021
3221,2021
3222,2022
3223,2022
3224,2022
3225,2019
3226,2019
3227,2019
3228,2019
3229,2020
3230,2020
3231,2020
3232,2020
3233,2021
3234,2021
3235,2021
3236,2021
3237,2022
3238,2022
3239,2022
3240,2019
3241,2019
3242,2019
3243,2019
3244,2020
3245,2020
3246,2020
3247,2020
3248,2021
3249,2021
3250,2021
3251,2021
3252,2022
3253,2022
3254,2022
3255,2019
3256,2019
3257,2019
3258,2019
3259,2020
3260,2020
3261,2020
3262,2020
3263,2021
3264,2021
3265,2021
3266,2021
3267,2022
3268,2022
3269,2022
3270,2019
3271,2019
3272,2019
3273,2019
3274,2020
3275,2020
3276,2020
3277,2020
3278,2021
3279,2021
3280,2021
3281,2021
3282,2022
3283,2022
3284,2022
3285,2019
3286,2019
3287,2019
3288,2019
3289,2020
3290,2020
3291,2020
3292,2020
3293,2021
3294,2021
3295,2021
3296,2021
3297,2022
3298,2022
3299,2022
3300,2019
3301,2019
3302,2019
3303,2019
3304,2020
3305,2020
3306,2020
3307,2020
3308,2021
3309,2021
3310,2021
3311,2021
3312,2022
3313,2022
3314,2022
3315,2019
3316,2019
3317,2019
3318,2019
3319,2020
3320,2020
3321,2020
3322,2020
3323,2021
3324,2021
3325,2021
3326,2021
3327,2022
3328,2022
3329,2022
3330,2019
3331,2019
3332,2019
3333,2019
3334,2020
3335,2020
3336,2020
3337,2020
3338,2021
3339,2021
3340,2021
3341,2021
3342,2022
3343,2022
3344,2022
3345,2019
3346,2019
3347,2019
3348,2019
3349,2020
3350,2020
3351,2020
3352,2020
3353,2021
3354,2021
3355,2021
3356,2021
3357,2022
3358,2022
3359,2022
3360,2019
3361,2019
3362,2019
3363,2019
3364,2020
3365,2020
3366,2020
3367,2020
3368,2021
3369,2021
3370,2021
3371,2021
3372,2022
3373,2022
3374,2022
3375,2019
3376,2019
3377,2019
3378,2019
3379,2020
3380,2020
3381,2020
3382,2020
3383,2021
3384,2021
3385,2021
3386,2021
3387,2022
3388,2022
3389,2022
3390,2019
3391,2019
3392,2019
3393,2019
3394,2020
3395,2020
3396,2020
3397,2020
3398,2021
3399,2021
3400,2021
3401,2021
3402,2022
3403,2022
3404,2022
3405,2019
3406,2019
3407,2019
3408,2019
3409,2020
3410,2020
3411,2020
3412,2020
3413,2021
3414,2021
3415,2021
3416,2021
3417,2022
3418,2022
3419,2022
3420,2019
3421,2019
3422,2019
3423,2019
3424,2020
3425,2020
3426,2020
3427,2020
3428,2021
3429,2021
3430,2021
3431,2021
3432,2022
3433,2022
3434,2022
3435,2019
3436,2019
3437,2019
3438,2019
3439,2020
3440,2020
3441,2020
3442,2020
3443,2021
3444,2021
3445,2021
3446,2021
3447,2022
3448,2022
3449,2022
3450,2019
3451,2019
3452,2019
3453,2019
3454,2020
3455,2020
3456,2020
3457,2020
3458,2021
3459,2021
3460,2021
3461,2021
3462,2022
3463,2022
3464,2022
3465,2019
3466,2019
3467,2019
3468,2019
3469,2020
3470,2020
3471,2020
3472,2020
3473,2021
3474,2021
3475,2021
3476,2021
3477,2022
3478,2022
3479,2022
3480,2019
3481,2019
3482,2019
3483,2019
3484,2020
3485,2020
3486,2020
3487,2020
3488,2021
3489,2021
3490,2021
3491,2021
3492,2022
3493,2022
3494,2022
3495,2019
3496,2019
3497,2019
3498,2019
3499,2020
3500,2020
3501,2020
3502,2020
3503,2021
3504,2021
3505,2021
3506,2021
3507,2022
3508,2022
3509,2022
3510,2019
3511,2019
3512,2019
3513,2019
3514,2020
3515,2020
3516,2020
3517,2020
3518,2021
3519,2021
3520,2021
3521,2021
3522,2022
3523,2022
3524,2022
3525,2019
3526,2019
3527,2019
3528,2019
3529,2020
3530,2020
3531,2020
3532,2020
3533,2021
3534,2021
3535,2021
3536,2021
3537,2022
3538,2022
3539,2022
3540,2019
3541,2019
3542,2019
3543,2019
3544,2020
3545,2020
3546,2020
3547,2020
3548,2021
3549,2021
3550,2021
3551,2021
3552,2022
3553,2022
3554,2022
3555,2019
3556,2019
3557,2019
3558,2019
3559,2020
3560,2020
3561,2020
3562,2020
3563,2021
3564,2021
3565,2021
3566,2021
3567,2022
3568,2022
3569,2022
3570,2019
3571,2019
3572,2019
3573,2019
3574,2020
3575,2020
3576,2020
3577,2020
3578,2021
3579,2021
3580,2021
3581,2021
3582,2022
3583,2022
3584,2022
3585,2019
3586,2019
3587,2019
3588,2019
3589,2020
3590,2020
3591,2020
3592,2020
3593,2021
3594,2021
3595,2021
3596,2021
3597,2022
3598,2022
3599,2022
3600,2019
3601,2019
3602,2019
3603,2019
3604,2020
3605,2020
3606,2020
3607,2020
3608,2021
3609,2021
3610,2021
3611,2021
3612,2022
3613,2022
3614,2022
3615,2019
3616,2019
3617,2019
3618,2019
3619,2020
3620,2020
3621,2020
3622,2020
3623,2021
3624,2021
3625,2021
3626,2021
3627,2022
3628,2022
3629,2022
3630,2019
3631,2019
3632,2019
3633,2019
3634,2020
3635,2020
3636,2020
3637,2020
3638,2021
3639,2021
3640,2021
3641,2021
3642,2022
3643,2022
3644,2022
3645,2019
3646,2019
3647,2019
3648,2019
3649,2020
3650,2020
3651,2020
3652,2020
3653,2021
3654,2021
3655,2021
3656,2021
3657,2022
3658,2022
3659,2022
3660,2019
3661,2019
3662,2019
3663,2019
3664,2020
3665,2020
3666,2020
3667,2020
3668,2021
3669,2021
3670,2021
3671,2021
3672,2022
3673,2022
3674,2022
3675,2019
3676,2019
3677,2019
3678,2019
3679,2020
3680,2020
3681,2020
3682,2020
3683,2021
3684,2021
3685,2021
3686,2021
3687,2022
3688,2022
3689,2022
3690,2019
3691,2019
3692,2019
3693,2019
3694,2020
3695,2020
3696,2020
3697,2020
3698,2021
3699,2021
3700,2021
3701,2021
3702,2022
3703,2022
3704,2022
3705,2019
3706,2019
3707,2019
3708,2019
3709,2020
3710,2020
3711,2020
3712,2020
3713,2021
3714,2021
3715,2021
3716,2021
3717,2022
3718,2022
3719,2022
3720,2019
3721,2019
3722,2019
3723,2019
3724,2020
3725,2020
3726,2020
3727,2020
3728,2021
3729,2021
3730,2021
3731,2021
3732,2022
3733,2022
3734,2022
3735,2019
3736,2019
3737,2019
3738,2019
3739,2020
3740,2020
3741,2020
3742,2020
3743,2021
3744,2021
3745,2021
3746,2021
3747,2022
3748,2022
3749,2022
3750,2019
3751,2019
3752,2019
3753,2019
3754,2020
3755,2020
3756,2020
3757,2020
3758,2021
3759,2021
3760,2021
3761,2021
3762,2022
3763,2022
3764,2022
3765,2019
3766,2019
3767,2019
3768,2019
3769,2020
3770,2020
3771,2020
3772,2020
3773,2021
3774,2021
3775,2021
3776,2021
3777,2022
3778,2022
3779,2022
3780,2019
3781,2019
3782,2019
3783,2019
3784,2020
3785,2020
3786,2020
3787,2020
3788,2021
3789,2021
3790,2021
3791,2021
3792,2022
3793,2022
3794,2022
3795,2019
3796,2019
3797,2019
3798,2019
3799,2020
3800,2020
3801,2020
3802,2020
3803,2021
3804,2021
3805,2021
3806,2021
3807,2022
3808,2022
3809,2022
3810,2019
3811,2019
3812,2019
3813,2019
3814,2020
3815,2020
3816,2020
3817,2020
3818,2021
3819,2021
3820,2021
3821,2021
3822,2022
3823,2022
3824,2022
3825,2019
3826,2019
3827,2019
3828,2019
3829,2020
3830,2020
3831,2020
3832,2020
3833,2021
3834,2021
3835,2021
3836,2021
3837,2022
3838,2022
3839,2022
3840,2019
3841,2019
3842,2019
3843,2019
3844,2020
3845,2020
3846,2020
3847,2020
3848,2021
3849,2021
3850,2021
3851,2021
3852,2022
3853,2022
3854,2022
3855,2019
3856,2019
3857,2019
3858,2019
3859,2020
3860,2020
3861,2020
3862,2020
3863,2021
3864,2021
3865,2021
3866,2021
3867,2022
3868,2022
3869,2022
3870,2019
3871,2019
3872,2019
3873,2019
3874,2020
3875,2020
3876,2020
3877,2020
3878,2021
3879,2021
3880,2021
3881,2021
3882,2022
3883,2022
3884,2022
3885,2019
3886,2019
3887,2019
3888,2019
3889,2020
3890,2020
3891,2020
3892,2020
3893,2021
3894,2021
3895,2021
3896,2021
3897,2022
3898,2022
3899,2022
3900,2019
3901,2019
3902,2019
3903,2019
3904,2020
3905,2020
3906,2020
3907,2020
3908,2021
3909,2021
3910,2021
3911,2021
3912,2022
3913,2022
3914,2022
3915,2019
3916,2019
3917,2019
3918,2019
3919,2020
3920,2020
3921,2020
3922,2020
3923,2021
3924,2021
3925,2021
3926,2021
3927,2022
3928,2022
3929,2022
3930,2019
3931,2019
3932,2019
3933,2019
3934,2020
3935,2020
3936,2020
3937,2020
3938,2021
3939,2021
3940,2021
3941,2021
3942,2022
3943,2022
3944,2022
3945,2019
3946,2019
3947,2019
3948,2019
3949,2020
3950,2020
3951,2020
3952,2020
3953,2021
3954,2021
3955,2021
3956,2021
3957,2022
3958,2022
3959,2022
3960,2019
3961,2019
3962,2019
3963,2019
3964,2020
3965,2020
3966,2020
3967,2020
3968,2021
3969,2021
3970,2021
3971,2021
3972,2022
3973,2022
3974,2022
3975,2019
3976,2019
3977,2019
3978,2019
3979,2020
3980,2020
3981,2020
3982,2020
3983,2021
3984,2021
3985,2021
3986,2021
3987,2022
3988,2022
3989,2022
3990,2019
3991,2019
3992,2019
3993,2019
3994,2020
3995,2020
3996,2020
3997,2020
3998,2021
3999,2021
4000,2021
4001,2021
4002,2022
4003,2022
4004,2022
4005,2019
4006,2019
4007,2019
4008,2019
4009,2020
4010,2020
4011,2020
4012,2020
4013,2021
4014,2021
4015,2021
4016,2021
4017,2022
4018,2022
4019,2022
4020,2019
4021,2019
4022,2019
4023,2019
4024,2020
4025,2020
4026,2020
4027,2020
4028,2021
4029,2021
4030,2021
4031,2021
4032,2022
4033,2022
4034,2022
4035,2019
4036,2019
4037,2019
4038,2019
4039,2020
4040,2020
4041,2020
4042,2020
4043,2021
4044,2021
4045,2021
4046,2021
4047,2022
4048,2022
4049,2022
4050,2019
4051,2019
4052,2019
4053,2019
4054,2020
4055,2020
4056,2020
4057,2020
4058,2021
4059,2021
4060,2021
4061,2021
4062,2022
4063,2022
4064,2022
4065,2019
4066,2019
4067,2019
4068,2019
4069,2020
4070,2020
4071,2020
4072,2020
4073,2021
4074,2021
4075,2021
4076,2021
4077,2022
4078,2022
4079,2022
4080,2019
4081,2019
4082,2019
4083,2019
4084,2020
4085,2020
4086,2020
4087,2020
4088,2021
4089,2021
4090,2021
4091,2021
4092,2022
4093,2022
4094,2022
4095,2019
4096,2019
4097,2019
4098,2019
4099,2020
4100,2020
4101,2020
4102,2020
4103,2021
4104,2021
4105,2021
4106,2021
4107,2022
4108,2022
4109,2022
4110,2019
4111,2019
4112,2019
4113,2019
4114,2020
4115,2020
4116,2020
4117,2020
4118,2021
4119,2021
4120,2021
4121,2021
4122,2022
4123,2022
4124,2022
4125,2019
4126,2019
4127,2019
4128,2019
4129,2020
4130,2020
4131,2020
4132,2020
4133,2021
4134,2021
4135,2021
4136,2021
4137,2022
4138,2022
4139,2022
4140,2019
4141,2019
4142,2019
4143,2019
4144,2020
4145,2020
4146,2020
4147,2020
4148,2021
4149,2021
4150,2021
4151,2021
4152,2022
4153,2022
4154,2022
4155,2019
4156,2019
4157,2019
4158,2019
4159,2020
4160,2020
4161,2020
4162,2020
4163,2021
4164,2021
4165,2021
4166,2021
4167,2022
4168,2022
4169,2022
4170,2019
4171,2019
4172,2019
4173,2019
4174,2020
4175,2020
4176,2020
4177,2020
4178,2021
4179,2021
4180,2021
4181,2021
4182,2022
4183,2022
4184,2022
4185,2019
4186,2019
4187,2019
4188,2019
4189,2020
4190,2020
4191,2020
4192,2020
4193,2021
4194,2021
4195,2021
4196,2021
4197,2022
4198,2022
4199,2022
4200,2019
4201,2019
4202,2019
4203,2019
4204,2020
4205,2020
4206,2020
4207,2020
4208,2021
4209,2021
4210,2021
4211,2021
4212,2022
4213,2022
4214,2022
4215,2019
4216,2019
4217,2019
4218,2019
4219,2020
4220,2020
4221,2020
4222,2020
4223,2021
4224,2021
4225,2021
4226,2021
4227,2022
4228,2022
4229,2022
4230,2019
4231,2019
4232,2019
4233,2019
4234,2020
4235,2020
4236,2020
4237,2020
4238,2021
4239,2021
4240,2021
4241,2021
4242,2022
4243,2022
4244,2022
4245,2019
4246,2019
4247,2019
4248,2019
4249,2020
4250,2020
4251,2020
4252,2020
4253,2021
4254,2021
4255,2021
4256,2021
4257,2022
4258,2022
4259,2022
4260,2019
4261,2019
4262,2019
4263,2019
4264,2020
4265,2020
4266,2020
4267,2020
4268,2021
4269,2021
4270,2021
4271,2021
4272,2022
4273,2022
4274,2022
4275,2019
4276,2019
4277,2019
4278,2019
4279,2020
4280,2020
4281,2020
4282,2020
4283,2021
4284,2021
4285,2021
4286,2021
4287,2022
4288,2022
4289,2022
4290,2019
4291,2019
4292,2019
4293,2019
4294,2020
4295,2020
4296,2020
4297,2020
4298,2021
4299,2021
4300,2021
4301,2021
4302,2022
4303,2022
4304,2022
4305,2019
4306,2019
4307,2019
4308,2019
4309,2020
4310,2020
4311,2020
4312,2020
4313,2021
4314,2021
4315,2021
4316,2021
4317,2022
4318,2022
4319,2022
4320,2019
4321,2019
4322,2019
4323,2019
4324,2020
4325,2020
4326,2020
4327,2020
4328,2021
4329,2021
4330,2021
4331,2021
4332,2022
4333,2022
4334,2022
4335,2019
4336,2019
4337,2019
4338,2019
4339,2020
4340,2020
4341,2020
4342,2020
4343,2021
4344,2021
4345,2021
4346,2021
4347,2022
4348,2022
4349,2022
4350,2019
4351,2019
4352,2019
4353,2019
4354,2020
4355,2020
4356,2020
4357,2020
4358,2021
4359,2021
4360,2021
4361,2021
4362,2022
4363,2022
4364,2022
4365,2019
4366,2019
4367,2019
4368,2019
4369,2020
4370,2020
4371,2020
4372,2020
4373,2021
4374,2021
4375,2021
4376,2021
4377,2022
4378,2022
4379,2022
4380,2019
4381,2019
4382,2019
4383,2019
4384,2020
4385,2020
4386,2020
4387,2020
4388,2021
4389,2021
4390,2021
4391,2021
4392,2022
4393,2022
4394,2022
4395,2019
4396,2019
4397,2019
4398,2019
4399,2020
4400,2020
4401,2020
4402,2020
4403,2021
4404,2021
4405,2021
4406,2021
4407,2022
4408,2022
4409,2022
4410,2019
4411,2019
4412,2019
4413,2019
4414,2020
4415,2020
4416,2020
4417,2020
4418,2021
4419,2021
4420,2021
4421,2021
4422,2022
4423,2022
4424,2022
4425,2019
4426,2019
4427,2019
4428,2019
4429,2020
4430,2020
4431,2020
4432,2020
4433,2021
4434,2021
4435,2021
4436,2021
4437,2022
4438,2022
4439,2022
4440,2019
4441,2019
4442,2019
4443,2019
4444,2020
4445,2020
4446,2020
4447,2020
4448,2021
4449,2021
4450,2021
4451,2021
4452,2022
4453,2022
4454,2022
4455,2019
4456,2019
4457,2019
4458,2019
4459,2020
4460,2020
4461,2020
4462,2020
4463,2021
4464,2021
4465,2021
4466,2021
4467,2022
4468,2022
4469,2022
4470,2019
4471,2019
4472,2019
4473,2019
4474,2020
4475,2020
4476,2020
4477,2020
4478,2021
4479,2021
4480,2021
4481,2021
4482,2022
4483,2022
4484,2022
4485,2019
4486,2019
4487,2019
4488,2019
4489,2020
4490,2020
4491,2020
4492,2020
4493,2021
4494,2021
4495,2021
4496,2021
4497,2022
4498,2022
4499,2022
4500,2019
4501,2019
4502,2019
4503,2019
4504,2020
4505,2020
4506,2020
4507,2020
4508,2021
4509,2021
4510,2021
4511,2021
4512,2022
4513,2022
4514,2022
4515,2019
4516,2019
4517,2019
4518,2019
4519,2020
4520,2020
4521,2020
4522,2020
4523,2021
4524,2021
4525,2021
4526,2021
4527,2022
4528,2022
4529,2022
4530,2019
4531,2019
4532,2019
4533,2019
4534,2020
4535,2020
4536,2020
4537,2020
4538,2021
4539,2021
4540,2021
4541,2021
4542,2022
4543,2022
4544,2022
4545,2019
4546,2019
4547,2019
4548,2019
4549,2020
4550,2020
4551,2020
4552,2020
4553,2021
4554,2021
4555,2021
4556,2021
4557,2022
4558,2022
4559,2022
4560,2019
4561,2019
4562,2019
4563,2019
4564,2020
4565,2020
4566,2020
4567,2020
4568,2021
4569,2021
4570,2021
4571,2021
4572,2022
4573,2022
4574,2022
4575,2019
4576,2019
4577,2019
4578,2019
4579,2020
4580,2020
4581,2020
4582,2020
4583,2021
4584,2021
4585,2021
4586,2021
4587,2022
4588,2022
4589,2022
4590,2019
4591,2019
4592,2019
4593,2019
4594,2020
4595,2020
4596,2020
4597,2020
4598,2021
4599,2021
4600,2021
4601,2021
4602,2022
4603,2022
4604,2022
4605,2019
4606,2019
4607,2019
4608,2019
4609,2020
4610,2020
4611,2020
4612,2020
4613,2021
4614,2021
4615,2021
4616,2021
4617,2022
4618,2022
4619,2022
4620,2019
4621,2019
4622,2019
4623,2019
4624,2020
4625,2020
4626,2020
4627,2020
4628,2021
4629,2021
4630,2021
4631,2021
4632,2022
4633,2022
4634,2022
4635,2019
4636,2019
4637,2019
4638,2019
4639,2020
4640,2020
4641,2020
4642,2020
4643,2021
4644,2021
4645,2021
4646,2021
4647,2022
4648,2022
4649,2022
4650,2019
4651,2019
4652,2019
4653,2019
4654,2020
4655,2020
4656,2020
4657,2020
4658,2021
4659,2021
4660,2021
4661,2021
4662,2022
4663,2022
4664,2022
4665,2019
4666,2019
4667,2019
4668,2019
4669,2020
4670,2020
4671,2020
4672,2020
4673,2021
4674,2021
4675,2021
4676,2021
4677,2022
4678,2022
4679,2022
4680,2019
4681,2019
4682,2019
4683,2019
4684,2020
4685,2020
4686,2020
4687,2020
4688,2021
4689,2021
4690,2021
4691,2021
4692,2022
4693,2022
4694,2022
4695,2019
4696,2019
4697,2019
4698,2019
4699,2020
4700,2020
4701,2020
4702,2020
4703,2021
4704,2021
4705,2021
4706,2021
4707,2022
4708,2022
4709,2022
4710,2019
4711,2019
4712,2019
4713,2019
4714,2020
4715,2020
4716,2020
4717,2020
4718,2021
4719,2021
4720,2021
4721,2021
4722,2022
4723,2022
4724,2022
4725,2019
4726,2019
4727,2019
4728,2019
4729,2020
4730,2020
4731,2020
4732,2020
4733,2021
4734,2021
4735,2021
4736,2021
4737,2022
4738,2022
4739,2022
4740,2019
4741,2019
4742,2019
4743,2019
4744,2020
4745,2020
4746,2020
4747,2020
4748,2021
4749,2021
4750,2021
4751,2021
4752,2022
4753,2022
4754,2022
4755,2019
4756,2019
4757,2019
4758,2019
4759,2020
4760,2020
4761,2020
4762,2020
4763,2021
4764,2021
4765,2021
4766,2021
4767,2022
4768,2022
4769,2022
4770,2019
4771,2019
4772,2019
4773,2019
4774,2020
4775,2020
4776,2020
4777,2020
4778,2021
4779,2021
4780,2021
4781,2021
4782,2022
4783,2022
4784,2022
4785,2019
4786,2019
4787,2019
4788,2019
4789,2020
4790,2020
4791,2020
4792,2020
4793,2021
4794,2021
4795,2021
4796,2021
4797,2022
4798,2022
4799,2022
4800,2019
4801,2019
4802,2019
4803,2019
4804,2020
4805,2020
4806,2020
4807,2020
4808,2021
4809,2021
4810,2021
4811,2021
4812,2022
4813,2022
4814,2022
4815,2019
4816,2019
4817,2019
4818,2019
4819,2020
4820,2020
4821,2020
4822,2020
4823,2021
4824,2021
4825,2021
4826,2021
4827,2022
4828,2022
4829,2022
4830,2019
4831,2019
4832,2019
4833,2019
4834,2020
4835,2020
4836,2020
4837,2020
4838,2021
4839,2021
4840,2021
4841,2021
4842,2022
4843,2022
4844,2022
4845,2019
4846,2019
4847,2019
4848,2019
4849,2020
4850,2020
4851,2020
4852,2020
4853,2021
4854,2021
4855,2021
4856,2021
4857,2022
4858,2022
4859,2022
4860,2019
4861,2019
4862,2019
4863,2019
4864,2020
4865,2020
4866,2020
4867,2020
4868,2021
4869,2021
4870,2021
4871,2021
4872,2022
4873,2022
4874,2022
4875,2019
4876,2019
4877,2019
4878,2019
4879,2020
4880,2020
4881,2020
4882,2020
4883,2021
4884,2021
4885,2021
4886,2021
4887,2022
4888,2022
4889,2022
4890,2019
4891,2019
4892,2019
4893,2019
4894,2020
4895,2020
4896,2020
4897,2020
4898,2021
4899,2021
4900,2021
4901,2021
4902,2022
4903,2022
4904,2022
4905,2019
4906,2019
4907,2019
4908,2019
4909,2020
4910,2020
4911,2020
4912,2020
4913,2021
4914,2021
4915,2021
4916,2021
4917,2022
4918,2022
4919,2022
4920,2019
4921,2019
4922,2019
4923,2019
4924,2020
4925,2020
4926,2020
4927,2020
4928,2021
4929,2021
4930,2021
4931,2021
4932,2022
4933,2022
4934,2022
4935,2019
4936,2019
4937,2019
4938,2019
4939,2020
4940,2020
4941,2020
4942,2020
4943,2021
4944,2021
4945,2021
4946,2021
4947,2022
4948,2022
4949,2022
4950,2019
4951,2019
4952,2019
4953,2019
4954,2020
4955,2020
4956,2020
4957,2020
4958,2021
4959,2021
4960,2021
4961,2021
4962,2022
4963,2022
4964,2022
4965,2019
4966,2019
4967,2019
4968,2019
4969,2020
4970,2020
4971,2020
4972,2020
4973,2021
4974,2021
4975,2021
4976,2021
4977,2022
4978,2022
4979,2022
4980,2019
4981,2019
4982,2019
4983,2019
4984,2020
4985,2020
4986,2020
4987,2020
4988,2021
4989,2021
4990,2021
4991,2021
4992,2022
4993,2022
4994,2022
4995,2019
4996,2019
4997,2019
4998,2019
4999,2020
5000,2020
5001,2020
5002,2020
5003,2021
5004,2021
5005,2021
5006,2021
5007,2022
5008,2022
5009,2022
5010,2019
5011,2019
5012,2019
5013,2019
5014,2020
5015,2020
5016,2020
5017,2020
5018,2021
5019,2021
5020,2021
5021,2021
5022,2022
5023,2022
5024,2022
5025,2019
5026,2019
5027,2019
5028,2019
5029,2020
5030,2020
5031,2020
5032,2020
5033,2021
5034,2021
5035,2021
5036,2021
5037,2022
5038,2022
5039,2022
5040,2019
5041,2019
5042,2019
5043,2019
5044,2020
5045,2020
5046,2020
5047,2020
5048,2021
5049,2021
5050,2021
5051,2021
5052,2022
5053,2022
5054,2022
5055,2019
5056,2019
5057,2019
5058,2019
5059,2020
5060,2020
5061,2020
5062,2020
5063,2021
5064,2021
5065,2021
5066,2021
5067,2022
5068,2022
5069,2022
5070,2019
5071,2019
5072,2019
5073,2019
5074,2020
5075,2020
5076,2020
5077,2020
5078,2021
5079,2021
5080,2021
5081,2021
5082,2022
5083,2022
5084,2022
5085,2019
5086,2019
5087,2019
5088,2019
5089,2020
5090,2020
5091,2020
5092,2020
5093,2021
5094,2021
5095,2021
5096,2021
5097,2022
5098,2022
5099,2022
5100,2019
5101,2019
5102,2019
5103,2019
5104,2020
5105,2020
5106,2020
5107,2020
5108,2021
5109,2021
5110,2021
5111,2021
5112,2022
5113,2022
5114,2022
5115,2019
5116,2019
5117,2019
5118,2019
5119,2020
5120,2020
5121,2020
5122,2020
5123,2021
5124,2021
5125,2021
5126,2021
5127,2022
5128,2022
5129,2022
5130,2019
5131,2019
5132,2019
5133,2019
5134,2020
5135,2020
5136,2020
5137,2020
5138,2021
5139,2021
5140,2021
5141,2021
5142,2022
5143,2022
5144,2022
5145,2019
5146,2019
5147,2019
5148,2019
5149,2020
5150,2020
5151,2020
5152,2020
5153,2021
5154,2021
5155,2021
5156,2021
5157,2022
5158,2022
5159,2022
5160,2019
5161,2019
5162,2019
5163,2019
5164,2020
5165,2020
5166,2020
5167,2020
5168,2021
5169,2021
5170,2021
5171,2021
5172,2022
5173,2022
5174,2022
5175,2019
5176,2019
5177,2019
5178,2019
5179,2020
5180,2020
5181,2020
5182,2020
5183,2021
5184,2021
5185,2021
5186,2021
5187,2022
5188,2022
5189,2022
5190,2019
5191,2019
5192,2019
5193,2019
5194,2020
5195,2020
5196,2020
5197,2020
5198,2021
5199,2021
5200,2021
5201,2021
5202,2022
5203,2022
5204,2022
5205,2019
5206,2019
5207,2019
5208,2019
5209,2020
5210,2020
5211,2020
5212,2020
5213,2021
5214,2021
5215,2021
5216,2021
5217,2022
5218,2022
5219,2022
5220,2019
5221,2019
5222,2019
5223,2019
5224,2020
5225,2020
5226,2020
5227,2020
5228,2021
5229,2021
5230,2021
5231,2021
5232,2022
5233,2022
5234,2022
5235,2019
5236,2019
5237,2019
5238,2019
5239,2020
5240,2020
5241,2020
5242,2020
5243,2021
5244,2021
5245,2021
5246,2021
5247,2022
5248,2022
5249,2022
5250,2019
5251,2019
5252,2019
5253,2019
5254,2020
5255,2020
5256,2020
5257,2020
5258,2021
5259,2021
5260,2021
5261,2021
5262,2022
5263,2022
5264,2022
5265,2019
5266,2019
5267,2019
5268,2019
5269,2020
5270,2020
5271,2020
5272,2020
5273,2021
5274,2021
5275,2021
5276,2021
5277,2022
5278,2022
5279,2022
5280,2019
5281,2019
5282,2019
5283,2019
5284,2020
5285,2020
5286,2020
5287,2020
5288,2021
5289,2021
5290,2021
5291,2021
5292,2022
5293,2022
5294,2022
5295,2019
5296,2019
5297,2019
5298,2019
5299,2020
5300,2020
5301,2020
5302,2020
5303,2021
5304,2021
5305,2021
5306,2021
5307,2022
5308,2022
5309,2022
5310,2019
5311,2019
5312,2019
5313,2019
5314,2020
5315,2020
5316,2020
5317,2020
5318,2021
5319,2021
5320,2021
5321,2021
5322,2022
5323,2022
5324,2022
5325,2019
5326,2019
5327,2019
5328,2019
5329,2020
5330,2020
5331,2020
5332,2020
5333,2021
5334,2021
5335,2021
5336,2021
5337,2022
5338,2022
5339,2022
5340,2019
5341,2019
5342,2019
5343,2019
5344,2020
5345,2020
5346,2020
5347,2020
5348,2021
5349,2021
5350,2021
5351,2021
5352,2022
5353,2022
5354,2022
5355,2019
5356,2019
5357,2019
5358,2019
5359,2020
5360,2020
5361,2020
5362,2020
5363,2021
5364,2021
5365,2021
5366,2021
5367,2022
5368,2022
5369,2022
5370,2019
5371,2019
5372,2019
5373,2019
5374,2020
5375,2020
5376,2020
5377,2020
5378,2021
5379,2021
5380,2021
5381,2021
5382,2022
5383,2022
5384,2022
5385,2019
5386,2019
5387,2019
5388,2019
5389,2020
5390,2020
5391,2020
5392,2020
5393,2021
5394,2021
5395,2021
5396,2021
5397,2022
5398,2022
5399,2022
5400,2019
5401,2019
5402,2019
5403,2019
5404,2020
5405,2020
5406,2020
5407,2020
5408,2021
5409,2021
5410,2021
5411,2021
5412,2022
5413,2022
5414,2022
5415,2019
5416,2019
5417,2019
5418,2019
5419,2020
5420,2020
5421,2020
5422,2020
5423,2021
5424,2021
5425,2021
5426,2021
5427,2022
5428,2022
5429,2022
5430,2019
5431,2019
5432,2019
5433,2019
5434,2020
5435,2020
5436,2020
5437,2020
5438,2021
5439,2021
5440,2021
5441,2021
5442,2022
5443,2022
5444,2022
5445,2019
5446,2019
5447,2019
5448,2019
5449,2020
5450,2020
5451,2020
5452,2020
5453,2021
5454,2021
5455,2021
5456,2021
5457,2022
5458,2022
5459,2022
5460,2019
5461,2019
5462,2019
5463,2019
5464,2020
5465,2020
5466,2020
5467,2020
5468,2021
5469,2021
5470,2021
5471,2021
5472,2022
5473,2022
5474,2022
5475,2019
5476,2019
5477,2019
5478,2019
5479,2020
5480,2020
5481,2020
5482,2020
5483,2021
5484,2021
5485,2021
5486,2021
5487,2022
5488,2022
5489,2022
5490,2019
5491,2019
5492,2019
5493,2019
5494,2020
5495,2020
5496,2020
5497,2020
5498,2021
5499,2021
5500,2021
5501,2021
5502,2022
5503,2022
5504,2022
5505,2019
5506,2019
5507,2019
5508,2019
5509,2020
5510,2020
5511,2020
5512,2020
5513,2021
5514,2021
5515,2021
5516,2021
5517,2022
5518,2022
5519,2022
5520,2019
5521,2019
5522,2019
5523,2019
5524,2020
5525,2020
5526,2020
5527,2020
5528,2021
5529,2021
5530,2021
5531,2021
5532,2022
5533,2022
5534,2022
5535,2019
5536,2019
5537,2019
5538,2019
5539,2020
5540,2020
5541,2020
5542,2020
5543,2021
5544,2021
5545,2021
5546,2021
5547,2022
5548,2022
5549,2022
5550,2019
5551,2019
5552,2019
5553,2019
5554,2020
5555,2020
5556,2020
5557,2020
5558,2021
5559,2021
5560,2021
5561,2021
5562,2022
5563,2022
5564,2022
5565,2019
5566,2019
5567,2019
5568,2019
5569,2020
5570,2020
5571,2020
5572,2020
5573,2021
5574,2021
5575,2021
5576,2021
5577,2022
5578,2022
5579,2022
5580,2019
5581,2019
5582,2019
5583,2019
5584,2020
5585,2020
5586,2020
5587,2020
5588,2021
5589,2021
5590,2021
5591,2021
5592,2022
5593,2022
5594,2022
5595,2019
5596,2019
5597,2019
5598,2019
5599,2020
5600,2020
5601,2020
5602,2020
5603,2021
5604,2021
5605,2021
5606,2021
5607,2022
5608,2022
5609,2022
5610,2019
5611,2019
5612,2019
5613,2019
5614,2020
5615,2020
5616,2020
5617,2020
5618,2021
5619,2021
5620,2021
5621,2021
5622,2022
5623,2022
5624,2022
5625,2019
5626,2019
5627,2019
5628,2019
5629,2020
5630,2020
5631,2020
5632,2020
5633,2021
5634,2021
5635,2021
5636,2021
5637,2022
5638,2022
5639,2022
5640,2019
5641,2019
5642,2019
5643,2019
5644,2020
5645,2020
5646,2020
5647,2020
5648,2021
5649,2021
5650,2021
5651,2021
5652,2022
5653,2022
5654,2022
5655,2019
5656,2019
5657,2019
5658,2019
5659,2020
5660,2020
5661,2020
5662,2020
5663,2021
5664,2021
5665,2021
5666,2021
5667,2022
5668,2022
5669,2022
5670,2019
5671,2019
5672,2019
5673,2019
5674,2020
5675,2020
5676,2020
5677,2020
5678,2021
5679,2021
5680,2021
5681,2021
5682,2022
5683,2022
5684,2022
5685,2019
5686,2019
5687,2019
5688,2019
5689,2020
5690,2020
5691,2020
5692,2020
5693,2021
5694,2021
5695,2021
5696,2021
5697,2022
5698,2022
5699,2022
5700,2019
5701,2019
5702,2019
5703,2019
5704,2020
5705,2020
5706,2020
5707,2020
5708,2021
5709,2021
5710,2021
5711,2021
5712,2022
5713,2022
5714,2022
5715,2019
5716,2019
5717,2019
5718,2019
5719,2020
5720,2020
5721,2020
5722,2020
5723,2021
5724,2021
5725,2021
5726,2021
5727,2022
5728,2022
5729,2022
5730,2019
5731,2019
5732,2019
5733,2019
5734,2020
5735,2020
5736,2020
5737,2020
5738,2021
5739,2021
5740,2021
5741,2021
5742,2022
5743,2022
5744,2022
5745,2019
5746,2019
5747,2019
5748,2019
5749,2020
5750,2020
5751,2020
5752,2020
5753,2021
5754,2021
5755,2021
5756,2021
5757,2022
5758,2022
5759,2022
5760,2019
5761,2019
5762,2019
5763,2019
5764,2020
5765,2020
5766,2020
5767,2020
5768,2021
5769,2021
5770,2021
5771,2021
5772,2022
5773,2022
5774,2022
5775,2019
5776,2019
5777,2019
5778,2019
5779,2020
5780,2020
5781,2020
5782,2020
5783,2021
5784,2021
5785,2021
5786,2021
5787,2022
5788,2022
5789,2022
5790,2019
5791,2019
5792,2019
5793,2019
5794,2020
5795,2020
5796,2020
5797,2020
5798,2021
5799,2021
5800,2021
5801,2021
5802,2022
5803,2022
5804,2022
5805,2019
5806,2019
5807,2019
5808,2019
5809,2020
5810,2020
5811,2020
5812,2020
5813,2021
5814,2021
5815,2021
5816,2021
5817,2022
5818,2022
5819,2022
5820,2019
5821,2019
5822,2019
5823,2019
5824,2020
5825,2020
5826,2020
5827,2020
5828,2021
5829,2021
5830,2021
5831,2021
5832,2022
5833,2022
5834,2022
5835,2019
5836,2019
5837,2019
5838,2019
5839,2020
5840,2020
5841,2020
5842,2020
5843,2021
5844,2021
5845,2021
5846,2021
5847,2022
5848,2022
5849,2022
5850,2019
5851,2019
5852,2019
5853,2019
5854,2020
5855,2020
5856,2020
5857,2020
5858,2021
5859,2021
5860,2021
5861,2021
5862,2022
5863,2022
5864,2022
5865,2019
5866,2019
5867,2019
5868,2019
5869,2020
5870,2020
5871,2020
5872,2020
5873,2021
5874,2021
5875,2021
5876,2021
5877,2022
5878,2022
5879,2022
5880,2019
5881,2019
5882,2019
5883,2019
5884,2020
5885,2020
5886,2020
5887,2020
5888,2021
5889,2021
5890,2021
5891,2021
5892,2022
5893,2022
5894,2022
5895,2019
5896,2019
5897,2019
5898,2019
5899,2020
5900,2020
5901,2020
5902,2020
5903,2021
5904,2021
5905,2021
5906,2021
5907,2022
5908,2022
5909,2022
5910,2019
5911,2019
5912,2019
5913,2019
5914,2020
5915,2020
5916,2020
5917,2020
5918,2021
5919,2021
5920,2021
5921,2021
5922,2022
5923,2022
5924,2022
5925,2019
5926,2019
5927,2019
5928,2019
5929,2020
5930,2020
5931,2020
5932,2020
5933,2021
5934,2021
5935,2021
5936,2021
5937,2022
5938,2022
5939,2022
5940,2019
5941,2019
5942,2019
5943,2019
5944,2020
5945,2020
5946,2020
5947,2020
5948,2021
5949,2021
5950,2021
5951,2021
5952,2022
5953,2022
5954,2022
5955,2019
5956,2019
5957,2019
5958,2019
5959,2020
5960,2020
5961,2020
5962,2020
5963,2021
5964,2021
5965,2021
5966,2021
5967,2022
5968,2022
5969,2022
5970,2019
5971,2019
5972,2019
5973,2019
5974,2020
5975,2020
5976,2020
5977,2020
5978,2021
5979,2021
5980,2021
5981,2021
5982,2022
5983,2022
5984,2022
5985,2019
5986,2019
5987,2019
5988,2019
5989,2020
5990,2020
5991,2020
5992,2020
5993,2021
5994,2021
5995,2021
5996,2021
5997,2022
5998,2022
5999,2022
6000,2019
6001,2019
6002,2019
6003,2019
6004,2020
6005,2020
6006,2020
6007,2020
6008,2021
6009,2021
6010,2021
6011,2021
6012,2022
6013,2022
6014,2022
6015,2019
6016,2019
6017,2019
6018,2019
6019,2020
6020,2020
6021,2020
6022,2020
6023,2021
6024,2021
6025,2021
6026,2021
6027,2022
6028,2022
6029,2022
6030,2019
6031,2019
6032,2019
6033,2019
6034,2020
6035,2020
6036,2020
6037,2020
6038,2021
6039,2021
6040,2021
6041,2021
6042,2022
6043,2022
6044,2022
6045,2019
6046,2019
6047,2019
6048,2019
6049,2020
6050,2020
6051,2020
6052,2020
6053,2021
6054,2021
6055,2021
6056,2021
6057,2022
6058,2022
6059,2022
6060,2019
6061,2019
6062,2019
6063,2019
6064,2020
6065,2020
6066,2020
6067,2020
6068,2021
6069,2021
6070,2021
6071,2021
6072,2022
6073,2022
6074,2022
6075,2019
6076,2019
6077,2019
6078,2019
6079,2020
6080,2020
6081,2020
6082,2020
6083,2021
6084,2021
6085,2021
6086,2021
6087,2022
6088,2022
6089,2022
6090,2019
6091,2019
6092,2019
6093,2019
6094,2020
6095,2020
6096,2020
6097,2020
6098,2021
6099,2021
6100,2021
6101,2021
6102,2022
6103,2022
6104,2022
6105,2019
6106,2019
6107,2019
6108,2019
6109,2020
6110,2020
6111,2020
6112,2020
6113,2021
6114,2021
6115,2021
6116,2021
6117,2022
6118,2022
6119,2022
6120,2019
6121,2019
6122,2019
6123,2019
6124,2020
6125,2020
6126,2020
6127,2020
6128,2021
6129,2021
6130,2021
6131,2021
6132,2022
6133,2022
6134,2022
6135,2019
6136,2019
6137,2019
6138,2019
6139,2020
6140,2020
6141,2020
6142,2020
6143,2021
6144,2021
6145,2021
6146,2021
6147,2022
6148,2022
6149,2022
6150,2019
6151,2019
6152,2019
6153,2019
6154,2020
6155,2020
6156,2020
6157,2020
6158,2021
6159,2021
6160,2021
6161,2021
6162,2022
6163,2022
6164,2022
6165,2019
6166,2019
6167,2019
6168,2019
6169,2020
6170,2020
6171,2020
6172,2020
6173,2021
6174,2021
6175,2021
6176,2021
6177,2022
6178,2022
6179,2022
6180,2019
6181,2019
6182,2019
6183,2019
6184,2020
6185,2020
6186,2020
6187,2020
6188,2021
6189,2021
6190,2021
6191,2021
6192,2022
6193,2022
6194,2022
6195,2019
6196,2019
6197,2019
6198,2019
6199,2020
6200,2020
6201,2020
6202,2020
6203,2021
6204,2021
6205,2021
6206,2021
6207,2022
6208,2022
6209,2022
6210,2019
6211,2019
6212,2019
6213,2019
6214,2020
6215,2020
6216,2020
6217,2020
6218,2021
6219,2021
6220,2021
6221,2021
6222,2022
6223,2022
6224,2022
6225,2019
6226,2019
6227,2019
6228,2019
6229,2020
6230,2020
6231,2020
6232,2020
6233,2021
6234,2021
6235,2021
6236,2021
6237,2022
6238,2022
6239,2022
6240,2019
6241,2019
6242,2019
6243,2019
6244,2020
6245,2020
6246,2020
6247,2020
6248,2021
6249,2021
6250,2021
6251,2021
6252,2022
6253,2022
6254,2022
6255,2019
6256,2019
6257,2019
6258,2019
6259,2020
6260,2020
6261,2020
6262,2020
6263,2021
6264,2021
6265,2021
6266,2021
6267,2022
6268,2022
6269,2022
6270,2019
6271,2019
6272,2019
6273,2019
6274,2020
6275,2020
6276,2020
6277,2020
6278,2021
6279,2021
6280,2021
6281,2021
6282,2022
6283,2022
6284,2022
6285,2019
6286,2019
6287,2019
6288,2019
6289,2020
6290,2020
6291,2020
6292,2020
6293,2021
6294,2021
6295,2021
6296,2021
6297,2022
6298,2022
6299,2022
6300,2019
6301,2019
6302,2019
6303,2019
6304,2020
6305,2020
6306,2020
6307,2020
6308,2021
6309,2021
6310,2021
6311,2021
6312,2022
6313,2022
6314,2022
6315,2019
6316,2019
6317,2019
6318,2019
6319,2020
6320,2020
6321,2020
6322,2020
6323,2021
6324,2021
6325,2021
6326,2021
6327,2022
6328,2022
6329,2022
6330,2019
6331,2019
6332,2019
6333,2019
6334,2020
6335,2020
6336,2020
6337,2020
6338,2021
6339,2021
6340,2021
6341,2021
6342,2022
6343,2022
6344,2022
6345,2019
6346,2019
6347,2019
6348,2019
6349,2020
6350,2020
6351,2020
6352,2020
6353,2021
6354,2021
6355,2021
6356,2021
6357,2022
6358,2022
6359,2022
6360,2019
6361,2019
6362,2019
6363,2019
6364,2020
6365,2020
6366,2020
6367,2020
6368,2021
6369,2021
6370,2021
6371,2021
6372,2022
6373,2022
6374,2022
6375,2019
6376,2019
6377,2019
6378,2019
6379,2020
6380,2020
6381,2020
6382,2020
6383,2021
6384,2021
6385,2021
6386,2021
6387,2022
6388,2022
6389,2022
6390,2019
6391,2019
6392,2019
6393,2019
6394,2020
6395,2020
6396,2020
6397,2020
6398,2021
6399,2021
6400,2021
6401,2021
6402,2022
6403,2022
6404,2022
6405,2019
6406,2019
6407,2019
6408,2019
6409,2020
6410,2020
6411,2020
6412,2020
6413,2021
6414,2021
6415,2021
6416,2021
6417,2022
6418,2022
6419,2022
6420,2019
6421,2019
6422,2019
6423,2019
6424,2020
6425,2020
6426,2020
6427,2020
6428,2021
6429,2021
6430,2021
6431,2021
6432,2022
6433,2022
6434,2022
6435,2019
6436,2019
6437,2019
6438,2019
6439,2020
6440,2020
6441,2020
6442,2020
6443,2021
6444,2021
6445,2021
6446,2021
6447,2022
6448,2022
6449,2022
6450,2019
6451,2019
6452,2019
6453,2019
6454,2020
6455,2020
6456,2020
6457,2020
6458,2021
6459,2021
6460,2021
6461,2021
6462,2022
6463,2022
6464,2022
6465,2019
6466,2019
6467,2019
6468,2019
6469,2020
6470,2020
6471,2020
6472,2020
6473,2021
6474,2021
6475,2021
6476,2021
6477,2022
6478,2022
6479,2022
6480,2019
6481,2019
6482,2019
6483,2019
6484,2020
6485,2020
6486,2020
6487,2020
6488,2021
6489,2021
6490,2021
6491,2021
6492,2022
6493,2022
6494,2022
6495,2019
6496,2019
6497,2019
6498,2019
6499,2020
6500,2020
6501,2020
6502,2020
6503,2021
6504,2021
6505,2021
6506,2021
6507,2022
6508,2022
6509,2022
6510,2019
6511,2019
6512,2019
6513,2019
6514,2020
6515,2020
6516,2020
6517,2020
6518,2021
6519,2021
6520,2021
6521,2021
6522,2022
6523,2022
6524,2022
6525,2019
6526,2019
6527,2019
6528,2019
6529,2020
6530,2020
6531,2020
6532,2020
6533,2021
6534,2021
6535,2021
6536,2021
6537,2022
6538,2022
6539,2022
6540,2019
6541,2019
6542,2019
6543,2019
6544,2020
6545,2020
6546,2020
6547,2020
6548,2021
6549,2021
6550,2021
6551,2021
6552,2022
6553,2022
6554,2022
6555,2019
6556,2019
6557,2019
6558,2019
6559,2020
6560,2020
6561,2020
6562,2020
6563,2021
6564,2021
6565,2021
6566,2021
6567,2022
6568,2022
6569,2022
6570,2019
6571,2019
6572,2019
6573,2019
6574,2020
6575,2020
6576,2020
6577,2020
6578,2021
6579,2021
6580,2021
6581,2021
6582,2022
6583,2022
6584,2022
6585,2019
6586,2019
6587,2019
6588,2019
6589,2020
6590,2020
6591,2020
6592,2020
6593,2021
6594,2021
6595,2021
6596,2021
6597,2022
6598,2022
6599,2022
6600,2019
6601,2019
6602,2019
6603,2019
6604,2020
6605,2020
6606,2020
6607,2020
6608,2021
6609,2021
6610,2021
6611,2021
6612,2022
6613,2022
6614,2022
6615,2019
6616,2019
6617,2019
6618,2019
6619,2020
6620,2020
6621,2020
6622,2020
6623,2021
6624,2021
6625,2021
6626,2021
6627,2022
6628,2022
6629,2022
6630,2019
6631,2019
6632,2019
6633,2019
6634,2020
6635,2020
6636,2020
6637,2020
6638,2021
6639,2021
6640,2021
6641,2021
6642,2022
6643,2022
6644,2022
6645,2019
6646,2019
6647,2019
6648,2019
6649,2020
6650,2020
6651,2020
6652,2020
6653,2021
6654,2021
6655,2021
6656,2021
6657,2022
6658,2022
6659,2022
6660,2019
6661,2019
6662,2019
6663,2019
6664,2020
6665,2020
6666,2020
6667,2020
6668,2021
6669,2021
6670,2021
6671,2021
6672,2022
6673,2022
6674,2022
6675,2019
6676,2019
6677,2019
6678,2019
6679,2020
6680,2020
6681,2020
6682,2020
6683,2021
6684,2021
6685,2021
6686,2021
6687,2022
6688,2022
6689,2022
6690,2019
6691,2019
6692,2019
6693,2019
6694,2020
6695,2020
6696,2020
6697,2020
6698,2021
6699,2021
6700,2021
6701,2021
6702,2022
6703,2022
6704,2022
6705,2019
6706,2019
6707,2019
6708,2019
6709,2020
6710,2020
6711,2020
6712,2020
6713,2021
6714,2021
6715,2021
6716,2021
6717,2022
6718,2022
6719,2022
6720,2019
6721,2019
6722,2019
6723,2019
6724,2020
6725,2020
6726,2020
6727,2020
6728,2021
6729,2021
6730,2021
6731,2021
6732,2022
6733,2022
6734,2022
6735,2019
6736,2019
6737,2019
6738,2019
6739,2020
6740,2020
6741,2020
6742,2020
6743,2021
6744,2021
6745,2021
6746,2021
6747,2022
6748,2022
6749,2022
6750,2019
6751,2019
6752,2019
6753,2019
6754,2020
6755,2020
6756,2020
6757,2020
6758,2021
6759,2021
6760,2021
6761,2021
6762,2022
6763,2022
6764,2022
6765,2019
6766,2019
6767,2019
6768,2019
6769,2020
6770,2020
6771,2020
6772,2020
6773,2021
6774,2021
6775,2021
6776,2021
6777,2022
6778,2022
6779,2022
6780,2019
6781,2019
6782,2019
6783,2019
6784,2020
6785,2020
6786,2020
6787,2020
6788,2021
6789,2021
6790,2021
6791,2021
6792,2022
6793,2022
6794,2022
6795,2019
6796,2019
6797,2019
6798,2019
6799,2020
6800,2020
6801,2020
6802,2020
6803,2021
6804,2021
6805,2021
6806,2021
6807,2022
6808,2022
6809,2022
6810,2019
6811,2019
6812,2019
6813,2019
6814,2020
6815,2020
6816,2020
6817,2020
6818,2021
6819,2021
6820,2021
6821,2021
6822,2022
6823,2022
6824,2022
6825,2019
6826,2019
6827,2019
6828,2019
6829,2020
6830,2020
6831,2020
6832,2020
6833,2021
6834,2021
6835,2021
6836,2021
6837,2022
6838,2022
6839,2022
6840,2019
6841,2019
6842,2019
6843,2019
6844,2020
6845,2020
6846,2020
6847,2020
6848,2021
6849,2021
6850,2021
6851,2021
6852,2022
6853,2022
6854,2022
6855,2019
6856,2019
6857,2019
6858,2019
6859,2020
6860,2020
6861,2020
6862,2020
6863,2021
6864,2021
6865,2021
6866,2021
6867,2022
6868,2022
6869,2022
6870,2019
6871,2019
6872,2019
6873,2019
6874,2020
6875,2020
6876,2020
6877,2020
6878,2021
6879,2021
6880,2021
6881,2021
6882,2022
6883,2022
6884,2022
6885,2019
6886,2019
6887,2019
6888,2019
6889,2020
6890,2020
6891,2020
6892,2020
6893,2021
6894,2021
6895,2021
6896,2021
6897,2022
6898,2022
6899,2022
6900,2019
6901,2019
6902,2019
6903,2019
6904,2020
6905,2020
6906,2020
6907,2020
6908,2021
6909,2021
6910,2021
6911,2021
6912,2022
6913,2022
6914,2022
6915,2019
6916,2019
6917,2019
6918,2019
6919,2020
6920,2020
6921,2020
6922,2020
6923,2021
6924,2021
6925,2021
6926,2021
6927,2022
6928,2022
6929,2022
6930,2019
6931,2019
6932,2019
6933,2019
6934,2020
6935,2020
6936,2020
6937,2020
6938,2021
6939,2021
6940,2021
6941,2021
6942,2022
6943,2022
6944,2022
6945,2019
6946,2019
6947,2019
6948,2019
6949,2020
6950,2020
6951,2020
6952,2020
6953,2021
6954,2021
6955,2021
6956,2021
6957,2022
6958,2022
6959,2022
6960,2019
6961,2019
6962,2019
6963,2019
6964,2020
6965,2020
6966,2020
6967,2020
6968,2021
6969,2021
6970,2021
6971,2021
6972,2022
6973,2022
6974,2022
6975,2019
6976,2019
6977,2019
6978,2019
6979,2020
6980,2020
6981,2020
6982,2020
6983,2021
6984,2021
6985,2021
6986,2021
6987,2022
6988,2022
6989,2022
6990,2019
6991,2019
6992,2019
6993,2019
6994,2020
6995,2020
6996,2020
6997,2020
6998,2021
6999,2021
7000,2021
7001,2021
7002,2022
7003,2022
7004,2022
7005,2019
7006,2019
7007,2019
7008,2019
7009,2020
7010,2020
7011,2020
7012,2020
7013,2021
7014,2021
7015,2021
7016,2021
7017,2022
7018,2022
7019,2022
7020,2019
7021,2019
7022,2019
7023,2019
7024,2020
7025,2020
7026,2020
7027,2020
7028,2021
7029,2021
7030,2021
7031,2021
7032,2022
7033,2022
7034,2022
7035,2019
7036,2019
7037,2019
7038,2019
7039,2020
7040,2020
7041,2020
7042,2020
7043,2021
7044,2021
7045,2021
7046,2021
7047,2022
7048,2022
7049,2022
7050,2019
7051,2019
7052,2019
7053,2019
7054,2020
7055,2020
7056,2020
7057,2020
7058,2021
7059,2021
7060,2021
7061,2021
7062,2022
7063,2022
7064,2022
7065,2019
7066,2019
7067,2019
7068,2019
7069,2020
7070,2020
7071,2020
7072,2020
7073,2021
7074,2021
7075,2021
7076,2021
7077,2022
7078,2022
7079,2022
7080,2019
7081,2019
7082,2019
7083,2019
7084,2020
7085,2020
7086,2020
7087,2020
7088,2021
7089,2021
7090,2021
7091,2021
7092,2022
7093,2022
7094,2022
7095,2019
7096,2019
7097,2019
7098,2019
7099,2020
7100,2020
7101,2020
7102,2020
7103,2021
7104,2021
7105,2021
7106,2021
7107,2022
7108,2022
7109,2022
7110,2019
7111,2019
7112,2019
7113,2019
7114,2020
7115,2020
7116,2020
7117,2020
7118,2021
7119,2021
7120,2021
7121,2021
7122,2022
7123,2022
7124,2022
7125,2019
7126,2019
7127,2019
7128,2019
7129,2020
7130,2020
7131,2020
7132,2020
7133,2021
7134,2021
7135,2021
7136,2021
7137,2022
7138,2022
7139,2022
7140,2019
7141,2019
7142,2019
7143,2019
7144,2020
7145,2020
7146,2020
7147,2020
7148,2021
7149,2021
7150,2021
7151,2021
7152,2022
7153,2022
7154,2022
7155,2019
7156,2019
7157,2019
7158,2019
7159,2020
7160,2020
7161,2020
7162,2020
7163,2021
7164,2021
7165,2021
7166,2021
7167,2022
7168,2022
7169,2022
7170,2019
7171,2019
7172,2019
7173,2019
7174,2020
7175,2020
7176,2020
7177,2020
7178,2021
7179,2021
7180,2021
7181,2021
7182,2022
7183,2022
7184,2022
7185,2019
7186,2019
7187,2019
7188,2019
7189,2020
7190,2020
7191,2020
7192,2020
7193,2021
7194,2021
7195,2021
7196,2021
7197,2022
7198,2022
7199,2022
7200,2019
7201,2019
7202,2019
7203,2019
7204,2020
7205,2020
7206,2020
7207,2020
7208,2021
7209,2021
7210,2021
7211,2021
7212,2022
7213,2022
7214,2022
7215,2019
7216,2019
7217,2019
7218,2019
7219,2020
7220,2020
7221,2020
7222,2020
7223,2021
7224,2021
7225,2021
7226,2021
7227,2022
7228,2022
7229,2022
7230,2019
7231,2019
7232,2019
7233,2019
7234,2020
7235,2020
7236,2020
7237,2020
7238,2021
7239,2021
7240,2021
7241,2021
7242,2022
7243,2022
7244,2022
7245,2019
7246,2019
7247,2019
7248,2019
7249,2020
7250,2020
7251,2020
7252,2020
7253,2021
7254,2021
7255,2021
7256,2021
7257,2022
7258,2022
7259,2022
7260,2019
7261,2019
7262,2019
7263,2019
7264,2020
7265,2020
7266,2020
7267,2020
7268,2021
7269,2021
7270,2021
7271,2021
7272,2022
7273,2022
7274,2022
7275,2019
7276,2019
7277,2019
7278,2019
7279,2020
7280,2020
7281,2020
7282,2020
7283,2021
7284,2021
7285,2021
7286,2021
7287,2022
7288,2022
7289,2022
7290,2019
7291,2019
7292,2019
7293,2019
7294,2020
7295,2020
7296,2020
7297,2020
7298,2021
7299,2021
7300,2021
7301,2021
7302,2022
7303,2022
7304,2022
7305,2019
7306,2019
7307,2019
7308,2019
7309,2020
7310,2020
7311,2020
7312,2020
7313,2021
7314,2021
7315,2021
7316,2021
7317,2022
7318,2022
7319,2022
7320,2019
7321,2019
7322,2019
7323,2019
7324,2020
7325,2020
7326,2020
7327,2020
7328,2021
7329,2021
7330,2021
7331,2021
7332,2022
7333,2022
7334,2022
7335,2019
7336,2019
7337,2019
7338,2019
7339,2020
7340,2020
7341,2020
7342,2020
7343,2021
7344,2021
7345,2021
7346,2021
7347,2022
7348,2022
7349,2022
7350,2019
7351,2019
7352,2019
7353,2019
7354,2020
7355,2020
7356,2020
7357,2020
7358,2021
7359,2021
7360,2021
7361,2021
7362,2022
7363,2022
7364,2022
7365,2019
7366,2019
7367,2019
7368,2019
7369,2020
7370,2020
7371,2020
7372,2020
7373,2021
7374,2021
7375,2021
7376,2021
7377,2022
7378,2022
7379,2022
7380,2019
7381,2019
7382,2019
7383,2019
7384,2020
7385,2020
7386,2020
7387,2020
7388,2021
7389,2021
7390,2021
7391,2021
7392,2022
7393,2022
7394,2022
7395,2019
7396,2019
7397,2019
7398,2019
7399,2020
7400,2020
7401,2020
7402,2020
7403,2021
7404,2021
7405,2021
7406,2021
7407,2022
7408,2022
7409,2022
7410,2019
7411,2019
7412,2019
7413,2019
7414,2020
7415,2020
7416,2020
7417,2020
7418,2021
7419,2021
7420,2021
7421,2021
7422,2022
7423,2022
7424,2022
7425,2019
7426,2019
7427,2019
7428,2019
7429,2020
7430,2020
7431,2020
7432,2020
7433,2021
7434,2021
7435,2021
7436,2021
7437,2022
7438,2022
7439,2022
7440,2019
7441,2019
7442,2019
7443,2019
7444,2020
7445,2020
7446,2020
7447,2020
7448,2021
7449,2021
7450,2021
7451,2021
7452,2022
7453,2022
7454,2022
7455,2019
7456,2019
7457,2019
7458,2019
7459,2020
7460,2020
7461,2020
7462,2020
7463,2021
7464,2021
7465,2021
7466,2021
7467,2022
7468,2022
7469,2022
7470,2019
7471,2019
7472,2019
7473,2019
7474,2020
7475,2020
7476,2020
7477,2020
7478,2021
7479,2021
7480,2021
7481,2021
7482,2022
7483,2022
7484,2022
7485,2019
7486,2019
7487,2019
7488,2019
7489,2020
7490,2020
7491,2020
7492,2020
7493,2021
7494,2021
7495,2021
7496,2021
7497,2022
7498,2022
7499,2022
7500,2019
7501,2019
7502,2019
7503,2019
7504,2020
7505,2020
7506,2020
7507,2020
7508,2021
7509,2021
7510,2021
7511,2021
7512,2022
7513,2022
7514,2022
7515,2019
7516,2019
7517,2019
7518,2019
7519,2020
7520,2020
7521,2020
7522,2020
7523,2021
7524,2021
7525,2021
7526,2021
7527,2022
7528,2022
7529,2022
7530,2019
7531,2019
7532,2019
7533,2019
7534,2020
7535,2020
7536,2020
7537,2020
7538,2021
7539,2021
7540,2021
7541,2021
7542,2022
7543,2022
7544,2022
7545,2019
7546,2019
7547,2019
7548,2019
7549,2020
7550,2020
7551,2020
7552,2020
7553,2021
7554,2021
7555,2021
7556,2021
7557,2022
7558,2022
7559,2022
7560,2019
7561,2019
7562,2019
7563,2019
7564,2020
7565,2020
7566,2020
7567,2020
7568,2021
7569,2021
7570,2021
7571,2021
7572,2022
7573,2022
7574,2022
7575,2019
7576,2019
7577,2019
7578,2019
7579,2020
7580,2020
7581,2020
7582,2020
7583,2021
7584,2021
7585,2021
7586,2021
7587,2022
7588,2022
7589,2022
7590,2019
7591,2019
7592,2019
7593,2019
7594,2020
7595,2020
7596,2020
7597,2020
7598,2021
7599,2021
7600,2021
7601,2021
7602,2022
7603,2022
7604,2022
7605,2019
7606,2019
7607,2019
7608,2019
7609,2020
7610,2020
7611,2020
7612,2020
7613,2021
7614,2021
7615,2021
7616,2021
7617,2022
7618,2022
7619,2022
7620,2019
7621,2019
7622,2019
7623,2019
7624,2020
7625,2020
7626,2020
7627,2020
7628,2021
7629,2021
7630,2021
7631,2021
7632,2022
7633,2022
7634,2022
7635,2019
7636,2019
7637,2019
7638,2019
7639,2020
7640,2020
7641,2020
7642,2020
7643,2021
7644,2021
7645,2021
7646,2021
7647,2022
7648,2022
7649,2022
7650,2019
7651,2019
7652,2019
7653,2019
7654,2020
7655,2020
7656,2020
7657,2020
7658,2021
7659,2021
7660,2021
7661,2021
7662,2022
7663,2022
7664,2022
7665,2019
7666,2019
7667,2019
7668,2019
7669,2020
7670,2020
7671,2020
7672,2020
7673,2021
7674,2021
7675,2021
7676,2021
7677,2022
7678,2022
7679,2022
7680,2019
7681,2019
7682,2019
7683,2019
7684,2020
7685,2020
7686,2020
7687,2020
7688,2021
7689,2021
7690,2021
7691,2021
7692,2022
7693,2022
7694,2022
7695,2019
7696,2019
7697,2019
7698,2019
7699,2020
7700,2020
7701,2020
7702,2020
7703,2021
7704,2021
7705,2021
7706,2021
7707,2022
7708,2022
7709,2022
7710,2019
7711,2019
7712,2019
7713,2019
7714,2020
7715,2020
7716,2020
7717,2020
7718,2021
7719,2021
7720,2021
7721,2021
7722,2022
7723,2022
7724,2022
7725,2019
7726,2019
7727,2019
7728,2019
7729,2020
7730,2020
7731,2020
7732,2020
7733,2021
7734,2021
7735,2021
7736,2021
7737,2022
7738,2022
7739,2022
7740,2019
7741,2019
7742,2019
7743,2019
7744,2020
7745,2020
7746,2020
7747,2020
7748,2021
7749,2021
7750,2021
7751,2021
7752,2022
7753,2022
7754,2022
7755,2019
7756,2019
7757,2019
7758,2019
7759,2020
7760,2020
7761,2020
7762,2020
7763,2021
7764,2021
7765,2021
7766,2021
7767,2022
7768,2022
7769,2022
7770,2019
7771,2019
7772,2019
7773,2019
7774,2020
7775,2020
7776,2020
7777,2020
7778,2021
7779,2021
7780,2021
7781,2021
7782,2022
7783,2022
7784,2022
7785,2019
7786,2019
7787,2019
7788,2019
7789,2020
7790,2020
7791,2020
7792,2020
7793,2021
7794,2021
7795,2021
7796,2021
7797,2022
7798,2022
7799,2022
7800,2019
7801,2019
7802,2019
7803,2019
7804,2020
7805,2020
7806,2020
7807,2020
7808,2021
7809,2021
7810,2021
7811,2021
7812,2022
7813,2022
7814,2022
7815,2019
7816,2019
7817,2019
7818,2019
7819,2020
7820,2020
7821,2020
7822,2020
7823,2021
7824,2021
7825,2021
7826,2021
7827,2022
7828,2022
7829,2022
7830,2019
7831,2019
7832,2019
7833,2019
7834,2020
7835,2020
7836,2020
7837,2020
7838,2021
7839,2021
7840,2021
7841,2021
7842,2022
7843,2022
7844,2022
7845,2019
7846,2019
7847,2019
7848,2019
7849,2020
7850,2020
7851,2020
7852,2020
7853,2021
7854,2021
7855,2021
7856,2021
7857,2022
7858,2022
7859,2022
7860,2019
7861,2019
7862,2019
7863,2019
7864,2020
7865,2020
7866,2020
7867,2020
7868,2021
7869,2021
7870,2021
7871,2021
7872,2022
7873,2022
7874,2022
7875,2019
7876,2019
7877,2019
7878,2019
7879,2020
7880,2020
7881,2020
7882,2020
7883,2021
7884,2021
7885,2021
7886,2021
7887,2022
7888,2022
7889,2022
7890,2019
7891,2019
7892,2019
7893,2019
7894,2020
7895,2020
7896,2020
7897,2020
7898,2021
7899,2021
7900,2021
7901,2021
7902,2022
7903,2022
7904,2022
7905,2019
7906,2019
7907,2019
7908,2019
7909,2020
7910,2020
7911,2020
7912,2020
7913,2021
7914,2021
7915,2021
7916,2021
7917,2022
7918,2022
7919,2022
7920,2019
7921,2019
7922,2019
7923,2019
7924,2020
7925,2020
7926,2020
7927,2020
7928,2021
7929,2021
7930,2021
7931,2021
7932,2022
7933,2022
7934,2022
7935,2019
7936,2019
7937,2019
7938,2019
7939,2020
7940,2020
7941,2020
7942,2020
7943,2021
7944,2021
7945,2021
7946,2021
7947,2022
7948,2022
7949,2022
7950,2019
7951,2019
7952,2019
7953,2019
7954,2020
7955,2020
7956,2020
7957,2020
7958,2021
7959,2021
7960,2021
7961,2021
7962,2022
7963,2022
7964,2022
7965,2019
7966,2019
7967,2019
7968,2019
7969,2020
7970,2020
7971,2020
7972,2020
7973,2021
7974,2021
7975,2021
7976,2021
7977,2022
7978,2022
7979,2022
7980,2019
7981,2019
7982,2019
7983,2019
7984,2020
7985,2020
7986,2020
7987,2020
7988,2021
7989,2021
7990,2021
7991,2021
7992,2022
7993,2022
7994,2022
7995,2019
7996,2019
7997,2019
7998,2019
7999,2020
8000,2020
8001,2020
8002,2020
8003,2021
8004,2021
8005,2021
8006,2021
8007,2022
8008,2022
8009,2022
8010,2019
8011,2019
8012,2019
8013,2019
8014,2020
8015,2020
8016,2020
8017,2020
8018,2021
8019,2021
8020,2021
8021,2021
8022,2022
8023,2022
8024,2022
8025,2019
8026,2019
8027,2019
8028,2019
8029,2020
8030,2020
8031,2020
8032,2020
8033,2021
8034,2021
8035,2021
8036,2021
8037,2022
8038,2022
8039,2022
8040,2019
8041,2019
8042,2019
8043,2019
8044,2020
8045,2020
8046,2020
8047,2020
8048,2021
8049,2021
8050,2021
8051,2021
8052,2022
8053,2022
8054,2022
8055,2019
8056,2019
8057,2019
8058,2019
8059,2020
8060,2020
8061,2020
8062,2020
8063,2021
8064,2021
8065,2021
8066,2021
8067,2022
8068,2022
8069,2022
8070,2019
8071,2019
8072,2019
8073,2019
8074,2020
8075,2020
8076,2020
8077,2020
8078,2021
8079,2021
8080,2021
8081,2021
8082,2022
8083,2022
8084,2022
8085,2019
8086,2019
8087,2019
8088,2019
8089,2020
8090,2020
8091,2020
8092,2020
8093,2021
8094,2021
8095,2021
8096,2021
8097,2022
8098,2022
8099,2022
8100,2019
8101,2019
8102,2019
8103,2019
8104,2020
8105,2020
8106,2020
8107,2020
8108,2021
8109,2021
8110,2021
8111,2021
8112,2022
8113,2022
8114,2022
8115,2019
8116,2019
8117,2019
8118,2019
8119,2020
8120,2020
8121,2020
8122,2020
8123,2021
8124,2021
8125,2021
8126,2021
8127,2022
8128,2022
8129,2022
8130,2019
8131,2019
8132,2019
8133,2019
8134,2020
8135,2020
8136,2020
8137,2020
8138,2021
8139,2021
8140,2021
8141,2021
8142,2022
8143,2022
8144,2022
8145,2019
8146,2019
8147,2019
8148,2019
8149,2020
8150,2020
8151,2020
8152,2020
8153,2021
8154,2021
8155,2021
8156,2021
8157,2022
8158,2022
8159,2022
8160,2019
8161,2019
8162,2019
8163,2019
8164,2020
8165,2020
8166,2020
8167,2020
8168,2021
8169,2021
8170,2021
8171,2021
8172,2022
8173,2022
8174,2022
8175,2019
8176,2019
8177,2019
8178,2019
8179,2020
8180,2020
8181,2020
8182,2020
8183,2021
8184,2021
8185,2021
8186,2021
8187,2022
8188,2022
8189,2022
8190,2019
8191,2019
8192,2019
8193,2019
8194,2020
8195,2020
8196,2020
8197,2020
8198,2021
8199,2021
8200,2021
8201,2021
8202,2022
8203,2022
8204,2022
8205,2019
8206,2019
8207,2019
8208,2019
8209,2020
8210,2020
8211,2020
8212,2020
8213,2021
8214,2021
8215,2021
8216,2021
8217,2022
8218,2022
8219,2022
8220,2019
8221,2019
8222,2019
8223,2019
8224,2020
8225,2020
8226,2020
8227,2020
8228,2021
8229,2021
8230,2021
8231,2021
8232,2022
8233,2022
8234,2022
8235,2019
8236,2019
8237,2019
8238,2019
8239,2020
8240,2020
8241,2020
8242,2020
8243,2021
8244,2021
8245,2021
8246,2021
8247,2022
8248,2022
8249,2022
8250,2019
8251,2019
8252,2019
8253,2019
8254,2020
8255,2020
8256,2020
8257,2020
8258,2021
8259,2021
8260,2021
8261,2021
8262,2022
8263,2022
8264,2022
8265,2019
8266,2019
8267,2019
8268,2019
8269,2020
8270,2020
8271,2020
8272,2020
8273,2021
8274,2021
8275,2021
8276,2021
8277,2022
8278,2022
8279,2022
8280,2019
8281,2019
8282,2019
8283,2019
8284,2020
8285,2020
8286,2020
8287,2020
8288,2021
8289,2021
8290,2021
8291,2021
8292,2022
8293,2022
8294,2022
8295,2019
8296,2019
8297,2019
8298,2019
8299,2020
8300,2020
8301,2020
8302,2020
8303,2021
8304,2021
8305,2021
8306,2021
8307,2022
8308,2022
8309,2022
8310,2019
8311,2019
8312,2019
8313,2019
8314,2020
8315,2020
8316,2020
8317,2020
8318,2021
8319,2021
8320,2021
8321,2021
8322,2022
8323,2022
8324,2022
8325,2019
8326,2019
8327,2019
8328,2019
8329,2020
8330,2020
8331,2020
8332,2020
8333,2021
8334,2021
8335,2021
8336,2021
8337,2022
8338,2022
8339,2022
8340,2019
8341,2019
8342,2019
8343,2019
8344,2020
8345,2020
8346,2020
8347,2020
8348,2021
8349,2021
8350,2021
8351,2021
8352,2022
8353,2022
8354,2022
8355,2019
8356,2019
8357,2019
8358,2019
8359,2020
8360,2020
8361,2020
8362,2020
8363,2021
8364,2021
8365,2021
8366,2021
8367,2022
8368,2022
8369,2022
8370,2019
8371,2019
8372,2019
8373,2019
8374,2020
8375,2020
8376,2020
8377,2020
8378,2021
8379,2021
8380,2021
8381,2021
8382,2022
8383,2022
8384,2022
8385,2019
8386,2019
8387,2019
8388,2019
8389,2020
8390,2020
8391,2020
8392,2020
8393,2021
8394,2021
8395,2021
8396,2021
8397,2022
8398,2022
8399,2022
8400,2019
8401,2019
8402,2019
8403,2019
8404,2020
8405,2020
8406,2020
8407,2020
8408,2021
8409,2021
8410,2021
8411,2021
8412,2022
8413,2022
8414,2022
8415,2019
8416,2019
8417,2019
8418,2019
8419,2020
8420,2020
8421,2020
8422,2020
8423,2021
8424,2021
8425,2021
8426,2021
8427,2022
8428,2022
8429,2022
8430,2019
8431,2019
8432,2019
8433,2019
8434,2020
8435,2020
8436,2020
8437,2020
8438,2021
8439,2021
8440,2021
8441,2021
8442,2022
8443,2022
8444,2022
8445,2019
8446,2019
8447,2019
8448,2019
8449,2020
8450,2020
8451,2020
8452,2020
8453,2021
8454,2021
8455,2021
8456,2021
8457,2022
8458,2022
8459,2022
8460,2019
8461,2019
8462,2019
8463,2019
8464,2020
8465,2020
8466,2020
8467,2020
8468,2021
8469,2021
8470,2021
8471,2021
8472,2022
8473,2022
8474,2022
8475,2019
8476,2019
8477,2019
8478,2019
8479,2020
8480,2020
8481,2020
8482,2020
8483,2021
8484,2021
8485,2021
8486,2021
8487,2022
8488,2022
8489,2022
8490,2019
8491,2019
8492,2019
8493,2019
8494,2020
8495,2020
8496,2020
8497,2020
8498,2021
8499,2021
8500,2021
8501,2021
8502,2022
8503,2022
8504,2022
8505,2019
8506,2019
8507,2019
8508,2019
8509,2020
8510,2020
8511,2020
8512,2020
8513,2021
8514,2021
8515,2021
8516,2021
8517,2022
8518,2022
8519,2022
8520,2019
8521,2019
8522,2019
8523,2019
8524,2020
8525,2020
8526,2020
8527,2020
8528,2021
8529,2021
8530,2021
8531,2021
8532,2022
8533,2022
8534,2022
8535,2019
8536,2019
8537,2019
8538,2019
8539,2020
8540,2020
8541,2020
8542,2020
8543,2021
8544,2021
8545,2021
8546,2021
8547,2022
8548,2022
8549,2022
8550,2019
8551,2019
8552,2019
8553,2019
8554,2020
8555,2020
8556,2020
8557,2020
8558,2021
8559,2021
8560,2021
8561,2021
8562,2022
8563,2022
8564,2022
8565,2019
8566,2019
8567,2019
8568,2019
8569,2020
8570,2020
8571,2020
8572,2020
8573,2021
8574,2021
8575,2021
8576,2021
8577,2022
8578,2022
8579,2022
8580,2019
8581,2019
8582,2019
8583,2019
8584,2020
8585,2020
8586,2020
8587,2020
8588,2021
8589,2021
8590,2021
8591,2021
8592,2022
8593,2022
8594,2022
8595,2019
8596,2019
8597,2019
8598,2019
8599,2020
8600,2020
8601,2020
8602,2020
8603,2021
8604,2021
8605,2021
8606,2021
8607,2022
8608,2022
8609,2022
8610,2019
8611,2019
8612,2019
8613,2019
8614,2020
8615,2020
8616,2020
8617,2020
8618,2021
8619,2021
8620,2021
8621,2021
8622,2022
8623,2022
8624,2022
8625,2019
8626,2019
8627,2019
8628,2019
8629,2020
8630,2020
8631,2020
8632,2020
8633,2021
8634,2021
8635,2021
8636,2021
8637,2022
8638,2022
8639,2022
8640,2019
8641,2019
8642,2019
8643,2019
8644,2020
8645,2020
8646,2020
8647,2020
8648,2021
8649,2021
8650,2021
8651,2021
8652,2022
8653,2022
8654,2022
8655,2019
8656,2019
8657,2019
8658,2019
8659,2020
8660,2020
8661,2020
8662,2020
8663,2021
8664,2021
8665,2021
8666,2021
8667,2022
8668,2022
8669,2022
8670,2019
8671,2019
8672,2019
8673,2019
8674,2020
8675,2020
8676,2020
8677,2020
8678,2021
8679,2021
8680,2021
8681,2021
8682,2022
8683,2022
8684,2022
8685,2019
8686,2019
8687,2019
8688,2019
8689,2020
8690,2020
8691,2020
8692,2020
8693,2021
8694,2021
8695,2021
8696,2021
8697,2022
8698,2022
8699,2022
8700,2019
8701,2019
8702,2019
8703,2019
8704,2020
8705,2020
8706,2020
8707,2020
8708,2021
8709,2021
8710,2021
8711,2021
8712,2022
8713,2022
8714,2022
8715,2019
8716,2019
8717,2019
8718,2019
8719,2020
8720,2020
8721,2020
8722,2020
8723,2021
8724,2021
8725,2021
8726,2021
8727,2022
8728,2022
8729,2022
8730,2019
8731,2019
8732,2019
8733,2019
8734,2020
8735,2020
8736,2020
8737,2020
8738,2021
8739,2021
8740,2021
8741,2021
8742,2022
8743,2022
8744,2022
8745,2019
8746,2019
8747,2019
8748,2019
8749,2020
8750,2020
8751,2020
8752,2020
8753,2021
8754,2021
8755,2021
8756,2021
8757,2022
8758,2022
8759,2022
8760,2019
8761,2019
8762,2019
8763,2019
8764,2020
8765,2020
8766,2020
8767,2020
8768,2021
8769,2021
8770,2021
8771,2021
8772,2022
8773,2022
8774,2022
8775,2019
8776,2019
8777,2019
8778,2019
8779,2020
8780,2020
8781,2020
8782,2020
8783,2021
8784,2021
8785,2021
8786,2021
8787,2022
8788,2022
8789,2022
8790,2019
8791,2019
8792,2019
8793,2019
8794,2020
8795,2020
8796,2020
8797,2020
8798,2021
8799,2021
8800,2021
8801,2021
8802,2022
8803,2022
8804,2022
8805,2019
8806,2019
8807,2019
8808,2019
8809,2020
8810,2020
8811,2020
8812,2020
8813,2021
8814,2021
8815,2021
8816,2021
8817,2022
8818,2022
8819,2022
8820,2019
8821,2019
8822,2019
8823,2019
8824,2020
8825,2020
8826,2020
8827,2020
8828,2021
8829,2021
8830,2021
8831,2021
8832,2022
8833,2022
8834,2022
8835,2019
8836,2019
8837,2019
8838,2019
8839,2020
8840,2020
8841,2020
8842,2020
8843,2021
8844,2021
8845,2021
8846,2021
8847,2022
8848,2022
8849,2022
8850,2019
8851,2019
8852,2019
8853,2019
8854,2020
8855,2020
8856,2020
8857,2020
8858,2021
8859,2021
8860,2021
8861,2021
8862,2022
8863,2022
8864,2022
8865,2019
8866,2019
8867,2019
8868,2019
8869,2020
8870,2020
8871,2020
8872,2020
8873,2021
8874,2021
8875,2021
8876,2021
8877,2022
8878,2022
8879,2022
8880,2019
8881,2019
8882,2019
8883,2019
8884,2020
8885,2020
8886,2020
8887,2020
8888,2021
8889,2021
8890,2021
8891,2021
8892,2022
8893,2022
8894,2022
8895,2019
8896,2019
8897,2019
8898,2019
8899,2020
8900,2020
8901,2020
8902,2020
8903,2021
8904,2021
8905,2021
8906,2021
8907,2022
8908,2022
8909,2022
8910,2019
8911,2019
8912,2019
8913,2019
8914,2020
8915,2020
8916,2020
8917,2020
8918,2021
8919,2021
8920,2021
8921,2021
8922,2022
8923,2022
8924,2022
8925,2019
8926,2019
8927,2019
8928,2019
8929,2020
8930,2020
8931,2020
8932,2020
8933,2021
8934,2021
8935,2021
8936,2021
8937,2022
8938,2022
8939,2022
8940,2019
8941,2019
8942,2019
8943,2019
8944,2020
8945,2020
8946,2020
8947,2020
8948,2021
8949,2021
8950,2021
8951,2021
8952,2022
8953,2022
8954,2022
8955,2019
8956,2019
8957,2019
8958,2019
8959,2020
8960,2020
8961,2020
8962,2020
8963,2021
8964,2021
8965,2021
8966,2021
8967,2022
8968,2022
8969,2022
8970,2019
8971,2019
8972,2019
8973,2019
8974,2020
8975,2020
8976,2020
8977,2020
8978,2021
8979,2021
8980,2021
8981,2021
8982,2022
8983,2022
8984,2022
8985,2019
8986,2019
8987,2019
8988,2019
8989,2020
8990,2020
8991,2020
8992,2020
8993,2021
8994,2021
8995,2021
8996,2021
8997,2022
8998,2022
8999,2022
9000,2019
9001,2019
9002,2019
9003,2019
9004,2020
9005,2020
9006,2020
9007,2020
9008,2021
9009,2021
9010,2021
9011,2021
9012,2022
9013,2022
9014,2022
9015,2019
9016,2019
9017,2019
9018,2019
9019,2020
9020,2020
9021,2020
9022,2020
9023,2021
9024,2021
9025,2021
9026,2021
9027,2022
9028,2022
9029,2022
9030,2019
9031,2019
9032,2019
9033,2019
9034,2020
9035,2020
9036,2020
9037,2020
9038,2021
9039,2021
9040,2021
9041,2021
9042,2022
9043,2022
9044,2022
9045,2019
9046,2019
9047,2019
9048,2019
9049,2020
9050,2020
9051,2020
9052,2020
9053,2021
9054,2021
9055,2021
9056,2021
9057,2022
9058,2022
9059,2022
9060,2019
9061,2019
9062,2019
9063,2019
9064,2020
9065,2020
9066,2020
9067,2020
9068,2021
9069,2021
9070,2021
9071,2021
9072,2022
9073,2022
9074,2022
9075,2019
9076,2019
9077,2019
9078,2019
9079,2020
9080,2020
9081,2020
9082,2020
9083,2021
9084,2021
9085,2021
9086,2021
9087,2022
9088,2022
9089,2022
9090,2019
9091,2019
9092,2019
9093,2019
9094,2020
9095,2020
9096,2020
9097,2020
9098,2021
9099,2021
9100,2021
9101,2021
9102,2022
9103,2022
9104,2022
9105,2019
9106,2019
9107,2019
9108,2019
9109,2020
9110,2020
9111,2020
9112,2020
9113,2021
9114,2021
9115,2021
9116,2021
9117,2022
9118,2022
9119,2022
9120,2019
9121,2019
9122,2019
9123,2019
9124,2020
9125,2020
9126,2020
9127,2020
9128,2021
9129,2021
9130,2021
9131,2021
9132,2022
9133,2022
9134,2022
9135,2019
9136,2019
9137,2019
9138,2019
9139,2020
9140,2020
9141,2020
9142,2020
9143,2021
9144,2021
9145,2021
9146,2021
9147,2022
9148,2022
9149,2022
